	Narracja
1	Na skraju dunlandzkiego urwiska dwaj Uruk-hai Białej Ręki zastygają w napięciu, wypatrując znaku od swoich skrzydlatych zwiadowców. W wąwozie pod nimi formuje się cicha armia Sarumana, a kolejne pochodnie rozpalają się w miarę, jak oddziały odnajdują swoje miejsca. Nad sceną krąży stado crebainów — tych samych kruków, które z rozkazu Isengardu przeczesują ziemie na zachód od Gór Mglistych. Jeden z nich pikuje w dół, a jego krzyk zdaje się ostatnim sygnałem, na który czeka każde ostrze w mroku.
2	Przez wąski, zalany wodą kanion merfolka z Coralhelm prowadzi potężnego Balotha tajnym przejściem wśród lewitujących skał Zendikaru. Jej hełm, wykuty z bladego koralu i muszli, zdradza pochodzenie z nadmorskiego klanu, który od pokoleń mapuje każdą szczelinę wybrzeża. Na klifach powyżej patrole Eldrazi stoją odwrócone plecami, nieświadome, że sojusznicy wymykają im się tuż pod ich stopami. Bestia z trudem toruje sobie drogę przez skalną szczelinę, a fontanny wody wzbijane jej cielskiem są jedynym dźwiękiem, który mógłby ich zdradzić.
3	W mrocznym gabinecie strategicznym, gdzieś na Wybrzeżu Mieczy, nad dębowym stołem unosi się szkarłatny chochlik, a jego złośliwy uśmiech odsłania skutki właśnie dokonanego dzieła. Pod nim dopala się misterna mapa taktyczna, a miniaturowe figurki żołnierzy leżą poprzewracane i stopione. W szponie bestia ściska skradziony kryształ, który pulsuje słabym światłem i zasila to, co dzieje się nad mapą. Tam, z kłębów czarnego dymu, formuje się widmowy obraz potężnego artefaktu — wizja, po którą chochlik przybył i dla której spalił cudze plany.
4	Na środku mglistego jeziora w głębi Eldraine wyrasta zrujnowana kamienna wieża ze świecącym błękitnym kryształem, a wokół niej tańczą na powierzchni wody drobne ogniki. Na kamieniu przy brzegu otwarta księga zaklęć wypuszcza ze swoich stron cienkie nici światła, które niczym żyłki pamięci ciągną się ku sanktuarium. W oddali, we mgle, zarysowują się kolejne wyspy łańcucha — rodzeństwo tej, na której stoi wieża. Woda wokół niej pulsuje koncentrycznymi falami, jakby samo istnienie sanktuarium poruszało tę śpiącą krainę arturiańskich mitów.
5	Na tarasie dominariańskiej akademii stoi młoda wędrowna czarodziejka, jedną dłoń uniesioną ku wirującemu portalowi błękitnej energii, który rozsuwa się przed nią jak tunel. Po drugiej stronie tego wiru mały intruz rozpływa się w rozmytą smugę, wyrzucany poza mury akademii tak spokojnie, jakby to był normalny element porannej pracy. Na kamiennej posadzce wiatr rozwiewa jej notatki, a drobne błękitne glify świadczą o niedawnej aktywacji zaklęcia. Na schodach w głębi dwaj inni adepci obserwują bez zdziwienia — w kolegiach magów Dominarii sztuka odsyłania jest codziennym egzaminem.
6	Na marmurowych schodach gmachu sądu Azoriusów stoi surowy sędzia-mag w ceremonialnej biało-srebrnej szacie, berło z cylindryczną pieczęcią wysunięte przed sobą. Z jego wyciągniętych dłoni emanują biało-błękitne runy prawne, które oplatają dwoje klęczących u stóp schodów więźniów niczym magiczne kajdany. Za nim wznoszą się kolumny pokryte wyrytymi paragrafami, a chłodne światło wpadające przez wąskie okna rzuca ostre cienie. W dystryktach gildii Azorius wyrok zapada w chwili, w której glif dotknie oskarżonego — a rozprawa jest tylko formalnością, której nikt już nie pamięta.
7	Na skalistym wybrzeżu Dominarii w epoce pęknięć czasu, tuż nad wodą, otwiera się pionowe rozdarcie rzeczywistości wirujące błękitnymi smugami. Nad nim wisi kula skondensowanej energii otoczona czterema symbolami klepsydry — trzy świecą jasno, czwarty już przygasa. Z otwartej księgi na skale ku rozdarciu wciągane są trzy luźne pergaminy, pozostawiające za sobą jasne smugi — wyrwane myśli znikające w innym momencie czasu. W tle zarys tolariańskiej wieży świadczy, że czas na tym wybrzeżu już dawno przestał być jednokierunkowy.
8	Przez wulkaniczne zbocza jundyjskiego fragmentu Alary pędzi w szarży trójka goblinów — pierwszy okrakiem na opancerzonym jaszczurze bojowym, drugi z poszarpanym sztandarem czaszki, trzeci skaczący z kamiennego nawisu z zardzewiałym toporem w dłoni. Ich skóra ma odcień brudnej zieleni z czerwonymi wyparzeniami od żaru, a oczy płoną ekstatycznym szałem. Wokół meandrują rzeki płynnej lawy, a w tle krąży wysoko odwieczny smok — cień, którego widok nie spowolni tej szarży nawet o krok. W Jundzie drobne drapieżniki albo pędzą do przodu, albo stają się pokarmem, a te trzy wybrały pierwszą opcję.
9	Na zniszczonej ulicy Ravnicy podczas inwazji Nicola Bolasa klęczy zwykły cywil, dłonie przyciśnięte do skroni, a nad jego głową unoszą się widmowe projekcje wyrwanych wspomnień. Jedną z tych półprzezroczystych myśli zabiera mglista dłoń wyłaniająca się z cienia — wybiera najcenniejszą. Za jego plecami, dopiero co powołany do istnienia tym aktem, stoi nieruchomo lazotepowy Wieczny w ceremonialnej zbroi, z pustymi oczami świecącymi niebieskim blaskiem. Na niebie majaczy cytadela Bolasa, a cena tej wojny mierzy się nie bitwami, lecz skradzionymi myślami zwykłych mieszkańców.
10	Na czele kolumny klanu Dromoka maszeruje młody ludzki żołnierz, wznoszący dumnie nad głową zielono-biały proporzec klanu. Jego lekka skórzano-płytkowa zbroja z łuskami przypominającymi smocze łuski Dromoki pulsuje subtelnymi szmaragdowymi runami — zgromadzoną witalnością gotową do przekazania. Za nim równym krokiem podąża kolumna wojowników, każdy z proporcem klanu, tworząc jedną falę oddanych sprawie. Na horyzoncie ciepłych równin Tarkiru krąży sama Dromoka — patronka przysięgi Abzan, smocza władczyni, której cień jest ich tarczą.
11	U wrót Podziemnego Świata Erebosa, na progu z ciemnego kamienia, trójgłowy cerber poddaje się jedna głowa po drugiej działaniu sennego zaklęcia. Lewa głowa już śpi w błogostanie, środkowa właśnie ziewa ciężko, prawa walczy z zamykającymi się powiekami i warczy bez przekonania. Wokół bestii snuje się bladoniebieska eteryczna mgła, a na kamieniu leżą obole porzucone przez duchy, które tędy się prześlizgnęły. Za progiem pulsuje srebrzysto-fioletowa poświata Tartyksu — strażnik, który nigdy nie zasypia, dziś przepuścił tych, za których nikt nie zapłacił Erebosowi.
12	Na ruchliwym nabrzeżu dzielnicy Bomat na Kaladeshu niewielki konstrukt o mosiężnych ramionach sortuje i katalogizuje skrzynie jednocześnie czterema precyzyjnymi chwytakami. W jego torsie pulsuje błękitny rdzeń aetherowy, a turkusowy wizjer wpatruje się w zawartość otwartego kontenera z uwagą zawodowego katalogisty. Wokół niego krzątają się kupcy w ozdobnych szatach, aetherowe dźwigi unoszą ładunki na wyższe poziomy doków, a w tle iskrzą pozłacane kopuły portowego miasta. Ten skromny automat jest niewidzialnym ogniwem handlowego łańcucha, który napędza każde bogactwo Konsulatu.
13	Na skalistym wzniesieniu śródziemskich wzgórz stoi kapłan-uzdrowiciel w kremowo-złotych szatach, dłonie wyciągnięte ku siedzącemu niżej na kamieniu pacjentowi. Między jego palcami wiruje świetlisty krąg złotobiałej energii — nie wybuch mocy, lecz precyzyjny strumień, dokładnie tyle, ile trzeba, i ani kropli więcej. Na ramieniu pacjenta blednie blizna, otulona delikatnym światłem, a wokół opadają drobne złote iskry niczym pyłek. W krainie łagodnych dolin leczenie jest sztuką cierpliwości, a nie spektaklem — mistrz zielarski zna różnicę lepiej niż każde zaklęcie.
14	Na stalowej belce wysoko nad ulicami Nowej Capenny stoi kobieta z rodziny Riveteers, ciężki dwuręczny klucz-młot przewieszony przez ramię, szelki i skórzane rękawice pobrudzone od niedawnej pracy. Jej postać otacza zanikająca złotawo-czerwona poświata — pozostałość po szybkim przybyciu, moc chwilowej niezwyciężoności, która za sekundę zgaśnie. Poniżej, w blasku neonów art déco, inna ekipa Riveteers właśnie burzy sąsiedni budynek, podczas gdy ten nowy dopiero wznosi żebrowanie czerwonych dźwigarów w niebo. Członkowie Riveteers budują jedną ręką i rozbierają drugą, a ich brygadzistki nie znają różnicy między tymi dwiema rolami.
15	W mrocznej gotyckiej komnacie stoi Tellah z długą siwą brodą, jedną dłonią uniesioną wysoko, z której wyrywa się splot ognia i błyskawic — zaklęcie większe niż on sam. Z drugiej dłoni sypią się w bok świetliste sylwetki towarzyszy — inspiracja, którą przekazuje im w ostatnim momencie swojego życia. Jego ciało pęka bladym światłem przebijającym przez skórę i szaty, bo ciało starego mędrca nie wytrzymuje mocy, którą właśnie uwalnia. Wokół wirują wyrwane strony zgromadzonej przez dekady wiedzy, a kamień posadzki żarzy się pomarańczowo — Wielki Mędrzec Mysidii płaci pełną cenę, by Cecil i Rydia mogli walczyć dalej.
16	W mrocznej zbrojowni na stojaku wisi masywna pełna zbroja płytowa o agresywnych, kanciastych kształtach — napierśnik i naramienniki z ostrymi grzbietami, hełm z wąską szczeliną wizjera bez wyrazu. Ciemnografitowa stal zdobiona złoto-brązowymi geometrycznymi ornamentami nie jest rycerska, lecz gladiatorska — ten, kto ją nosił, taranował, a nie bronił honoru. Pod stojakiem leżą porzucone elementy lżejszej zbroi, jakby ich właściciel zdecydował właśnie, że lżejsza osłona już mu nie wystarczy. Od boku pulsuje pomarańczowa łuna kowalskiego paleniska, które w Starym Świecie nigdy nie gaśnie — zawsze znajdzie się ktoś, kto potrzebuje grubszego metalu między sobą a Wrogiem.
17	Na omszałym nagrobku rozległego cmentarza w porcie Selhoff stoi okultystka w ciemnoniebieskim kaftanie z kapturem, zakrzywiony sztylet rytualny uniesiony w dłoni. Każde jej precyzyjne cięcie w powietrzu sprawia, że bladoniebieska mgła wokół gęstnieje i pulsuje, pochłaniając kolejne warstwy wspomnień z okolicznych grobów. W kłębach tej mgły przeświecają widmowe strzępy obrazów, liter i symboli — wiedza zmarłych, którą każde ostatnie tchnienie karmi nadmorskie opary. Za nią latarnia w Selhoff pali się słabiej niż zwykle, jakby i ona oddawała coś tej, która wie, że mgła nad cmentarzem nigdy nie jest tylko mgłą.
18	Nad torem wyścigowym pikuje aven — ptasi wojownik-kapłan z Amonkhet w ceremonialnych bandażach — wyciągając bandażowane dłonie ku pędzącemu poniżej rydwanowi-gliderowi. Z jego rozpostartych skrzydeł i palców wyrywa się pulsująca magenta-różowa aura, formująca się w lśniącą tarczę wokół pilota. Tam, gdzie iskry i odłamki trafiają w barierę, odbijają się w rozpryskach świetlistej energii — pojazd staje się na moment nietykalny. Kapłan Straży Lotosu nie walczy o zwycięstwo, lecz o to, by nikt nie zginął na jego warcie — strzeżenie w czasach Bolasa i po nim ma tę samą treść.
19	W mrocznej komnacie akademii w Aretuzie elegancka czarodziejka w ciemnozielonej welurowej sukni pochyla się nad żelaznym astrolabium, splatając palce w precyzyjnym geście. Z jej opuszków spływają grube szafirowe nici magicznej energii, oplatając obręcze mechanizmu w pół-obrocie. Po jednej stronie stołu świeca płonie jasnym płomieniem, po drugiej stoi zgaszona, a z jej knota wciąż unosi się pionowa smuga siwego dymu. W szkole czarodziejek małe zaklęcia ważą więcej niż wielkie — obrót astrolabium czy zgaszenie świecy zmienia godzinę rzucenia czaru, a to może przesądzić o bitwie.
20	Na kamiennym dziedzińcu klasztoru Jeskai w górach Tarkiru ork w czerwonych ceremonialnych szatach wykonuje obrotowy skok, dwa zakrzywione ostrza w dłoniach tworzące spiralny wir szkarłatnej energii. Powiewające tkaniny rozkładają się wokół niego jak wachlarz, a z ostrzy sypią się metaliczne drobinki, jakby samo powietrze tarło się o klingi. Za plecami wznoszą się smukłe pagody klasztoru pod skalistymi szczytami spowitymi chmurami, a pęknięcia na płytach pod jego stopami świadczą o sile, z jaką się odbił. Dzika natura orka została zdyscyplinowana przez lata klasztornych ćwiczeń — tnie tak szybko, jak smoki, u których nauki pobierał klan.
21	W głębi zakurzonej świątyni Theros, na spękanym ołtarzu z piaskowca, spoczywa ceramiczna puszka pokryta czarnymi malowidłami meandrów i mitycznych wojowników. Jej wieko jest lekko uniesione, jakby wypychane od środka, a z wnętrza wydostaje się oślepiający snop białego światła zmieszany z fioletowo-czarnymi smugami dymu. W kłębach tej mgły formują się eteryczne kontury bestii — wielogłowe zarysy, poskręcane rogi, dymne szpony — widmowa uwertura czegoś, co za chwilę się zmaterializuje. Po bokach ołtarza sączy się czarna jak tusz substancja, a wydłużone cienie kolumn świadczą, że pyxis otworzył się znów, a bogowie Theros nie przyjdą, by go zamknąć.
22	Na skalistym urwisku nad therosyjskim morzem muskularny wojownik o ogorzałej skórze unosi nad ramieniem ogromny nieregularny głaz wielokrotnie większy od ludzkiego ciała. Przez jego napięte mięśnie przebiega gorąca czerwonawa poświata, a oczy rozżarzają się pomarańczowym blaskiem — dar tytanów wlany chwilowo w śmiertelne ciało. Pod stopami pęka ziemia, wiatr niesie pył, a niebo nad sklepieniem Nyxu ciężkie od chmur burzowych patrzy bez zdumienia. Przez jedno mgnienie zwykły śmiertelnik staje się czymś więcej — bohaterem, którego wyczyn opowiedzą bardowie, zanim tytaniczna moc opuści jego kości.
23	W wiecznie skąpanych w słońcu gajach Gilt-Leaf na planie Lorwyn elficcy tropiciele doskonalą sztukę czytania najsubtelniejszych znaków puszczy. Zwinna zwiadowczyni o rogach z ciemnego drewna i racicach zapartych w mchu z mistrzowską precyzją bada leśne poszycie. Pod dotknięciem jej nasyconej magią dłoni na ścieżce rozbłyskuje świetlisty, szmaragdowy ślad, odsłaniając wędrówkę poszukiwanej leśnej bestii pośród morza innych tropów. Niezrównane zmysły leśnych elfów pozwalają im bezbłędnie wyodrębnić jedno właściwe stworzenie z całego bogactwa nienaruszonej przyrody.
24	Na skraju gotyckiego cmentarza Innistradu wilkołak w połowie transformacji wygina się w łuk, odpychany lodowatą falą księżycowej energii. Na jego pierś uderza pojedynczy snop światła z nienaturalnie wielkiego księżyca, a ciało zaczyna rozpływać się w srebrzysto-błękitne drobiny — wygnanie, nie zniszczenie. Wokół punktu kontaktu wirują spiralne glify, wyrywane z magicznego grymuaru i wsysane w snop światła jako wiedza pozyskana z rytuału. Na Innistradzie księżyc zwykle budzi bestię — dziś odmówił jej prawa do istnienia w ciele.
25	Na spowitych mrokiem traktach prowincji Gavony na planie Innistrad kapłani Kościoła Avacyn posługują się świętą magią, by chronić bezbronnych śmiertelników. Wznosząc ku niebu srebrny symbol Archanioła, nieugięty katar uwalnia potężne więzy z czystego, jarzącego się złotem światła. Podczas gdy święta energia nasyca ludzkiego obrońcę nadnaturalną siłą i odwagą, te same łańcuchy bezlitośnie krępują nacierającą bestię, unieruchamiając jej cielsko na kamiennym bruku. Zgodnie z naukami Przysięgi Avacyn, każde potworne zło, którego nie da się zniszczyć zwykłą stalą, zostaje na zawsze spętane potęgą niezłomnej wiary.
26	W industrialnym Smelting District na Ravnicy ciężka bestia o kamiennej skórze popękanej żarzącymi się szczelinami stoi zaprzęgnięta w żelazne jarzmo, ciągnąc wóz załadowany żużlem i rozżarzonym metalem. Z jej nozdrzy kłębi się gorący dym, a każde miejsce, którego dotknie kopytem, zostawia osmalone wgłębienie na bruku. Dwóch poganiaczy w skórzanych fartuchach prowadzi ją długimi żelaznymi kijami — sama nie ruszy, choć drzemie w niej ogromna siła. Bestia pracuje bo musi, a nie bo chce — typowa umowa Ravnicy między żywym narzędziem a tymi, którzy je zakuli w łańcuchy.
27	W smaganych wiatrem klasztorach Drogi Jeskai na planie Tarkir mnisi i wędrowni mędrcy niestrudzenie poszukują absolutnej przejrzystości umysłu. Stojąc na kamiennym tarasie nad przepaścią, wędrowny mędrzec Zogye wykonuje precyzyjne pchnięcie otwartą dłonią, uwalniając skupiony promień czystej energii. Pod wpływem uderzenia złowroga magiczna klątwa w ułamku sekundy pęka na tysiące nieszkodliwych okruchów, bezpowrotnie znikając z rzeczywistości. Zgodnie z naukami jeskańskich mistrzów, tylko całkowite wymazanie fałszywych iluzji pozwala dostrzec nagą i niezmąconą prawdę o świecie.
28	W rozkołysanej sztormem kajucie okrętu Zuchwałej Koalicji u wybrzeży Ixalanu spoczywa jedno z najcenniejszych trofeów wydartych morskim głębinom. Zaklęte w mosiężną oprawę nawigacyjną oko prastarego krakana pulsuje hipnotycznym, szafirowym blaskiem, odsłaniając w głębi swej źrenicy echo zatopionych na dnie oceanu ruin. Każde rzucenie czaru magii wody w pobliżu artefaktu wyzwala z jego wnętrza kojącą falę energii, przywracającą siły zmęczonym żeglarzom. Nawet najbardziej bezwzględni piraccy kapitanowie z zabobonnym lękiem spoglądają na ten relikt, pamiętając o potwornościach czających się w bezdennych otchłaniach morza.
29	W mrocznym korytarzu Pandemonium z pulsującą obcą roślinnością Garnet w biało-pomarańczowym stroju bojowym dzierży długą halabardę, jej twarz wyraża zaskoczenie i wzruszenie. Wokół niej w obronnym kręgu stoją towarzysze — Zidane z podwójnymi ostrzami u jej boku, Steiner w ciężkiej zbroi z wielkim mieczem, mały Vivi z ognistą aurą wokół dłoni, smukła Freya z włócznią smoczycy — wszyscy zwróceni na zewnątrz przeciw nadciągającym cieniom. Z ich ciał emanuje ciepła złotawo-biała poświata wzajemnego wsparcia, która oplata księżniczkę i rozpala jej halabardę złotym żarem. Córka Alexandrii pojmuje w tym kadrze, że moc, z którą wyruszy dalej, nie rodzi się z jej krwi, lecz z tych, którzy stanęli obok.
30	W podziemnych laboratoriach badawczych TCRI w Nowym Jorku potężne eksperymenty z mutacją nierzadko wymykają się spod jakiejkolwiek kontroli. Gdy gigantyczna i nieprzewidywalna Tokka zaczyna zagrażać miastu, Donatello bez wahania uruchamia zaawansowany protokół kriogenicznej stazy. Pod wpływem lodowatych strumieni sprężonego gazu i magnetycznych pól siłowych potężna bestia zostaje błyskawicznie skuta lodem, zastygając w bezsilnym bezruchu. Choć uwięzienie stworzenia jest dla żółwich bohaterów trudną decyzją, ochrona niewinnych mieszkańców metropolii pozostaje dla nich nadrzędnym obowiązkiem.
31	W głębinach skażonego lasu Tangle, na metalicznej gałęzi pokrytej oleistą zielenią phyrexiańskiej korupcji, z futrzastego ciała małego mirrodińskiego stworzenia wydostają się właśnie dwa potwornie zdeformowane owady. Jeden już stoi na krawędzi tuszy, czułki skierowane w powietrze, drugi przeciska się przez ranę, wyciągając przednie odnóża. Na ich aparatach gębowych lśni jadowicie zielona wydzielina — nośnik zarazy, który odnajdzie kolejny cel. To, co powinno być cyklem życia i śmierci Mirrodinu, zostało przejęte przez obcą siłę, a metaliczny las rodzi teraz to, czego sam nie potrafi zjeść.
32	Na zdradliwych, tropikalnych mieliznach wokół archipelagu Ixalanu spoczywają setki wraków dawnych zbrojnych galeonów. W zbutwiałym, obrośniętym koralowcami kadłubie zatopionego okrętu swoje terytorium uwiła potężna, jaskrawo ubarwiona murena. Błyskawiczny wypad jej muskularnego cielska z pękniętej furty działowej wywołuje podwodną falę uderzeniową, płosząc ławice srebrzystych ryb i rozpraszając spoczywające na dnie skarby. Dla drapieżników morskich głębin szczątki dawnych wypraw stają się idealną kryjówką, zapewniając bezpieczne schronienie i nieustanne źródło pożywienia.
33	Wysoko w koronach pradawnej śródziemskiej puszczy, na rozwidleniu omszałej gałęzi, drobna zielonoskóra elfka przyciska obie dłonie do kory ogromnego drzewa. Z punktów dotyku rozchodzą się szmaragdowo-złote fale empatycznej energii, biegnące przez pień w dół ku korzeniom i dalej przez sieć lasu. W odpowiedzi na to wezwanie, w mglistej głębi między pniami, zarysowuje się monumentalna sylwetka olbrzymiej istoty — grzbiet ponad koronami, masywne kończyny, ziemia drżąca pod ich ciężarem. Drobne istoty puszczy mają swój własny sposób, by przywołać kogoś większego niż wszystkie armie razem wzięte — i kogoś, kto pamięta czasy, gdy drzewa chodziły.
34	W bezlitosnym, wulkanicznym królestwie Immersturm na planie Kaldheim śmierć pradawnych smoków wyzwala niszczycielskie siły natury. Konający skrzydlaty kolos z impetem nurkuje w rozżarzoną gardziel krateru, wywołując potężną erupcję i falę uderzeniową płynnego ognia. Tsunami wrzącej magmy z łatwością przelewa się przez bazaltowe urwiska, w ułamku sekundy pochłaniając i topiąc starożytne runiczne ołtarze. Gdy niszczycielski żywioł zalewa całą dolinę, po pradawnych konstrukcjach nie pozostaje nic poza żarem i dymiącym popiołem.
35	Nad zaniedbanym cmentarzem Eldraine trzepocze w locie drobna wróżka-łotrzyca, jej opalizujące owadzie skrzydła trzymają ją tuż nad pęknięciem w kamiennej płycie nagrobnej. Obie dłonie wróżki zanurzone są w świetlistej mgle wydobywającej się z grobu, a między jej palcami materializuje się półprzezroczysty glifowy wzór — zaklęcie odzyskane z zaświatów. Wokół jej głowy pulsuje delikatne bladozłote halo, kontrastujące z fioletową mgłą i gotyckimi iglicami zamku w tle. W mrocznej stronie Eldraine magia nie umiera — wystarczy wróżka o cierpliwych palcach i wiedzy, gdzie kopać między nagrobkami.
36	Z głębokiej, czarnej rozpadliny wypełnionej oleistą mazią wyrywa się koszmarna asymetryczna kreatura sklecona z lśniącego eteriumu i surowego zardzewiałego żelaza. W jej wnętrzu splątane mosiężne rury i zgrzytające koła zębate napędzają zimną błękitną poświatę, a z pancerza wystają fragmenty pękniętych masek i tarcz — szczątki dawnych wojowników wbudowane w nowy kształt. Potężne metalowe szpony orzą ciemne podłoże, wyrzucając grudy ziemi i odłamki, a w powietrzu wirują rdzawy pył i błękitne iskry. Na pograniczu fragmentów Alary, gdzie Esper spotyka Grixis, ciało przestaje mieć sens — liczy się tylko metal i to, co magia potrafi z niego ulepić.
37	W sercu pradawnego lasu Velen, na omszałym skalnym występie, potężny czarny wilk stoi z głową odchyloną daleko do tyłu w pozie donośnego wycia. Z jego pyska unosi się smuga białej lodowatej pary, a niżej, między sękatymi korzeniami, migoczą setki par żółtych ślepi — reszta sfory odpowiada mu ciszą i obecnością. Księżyc przesiewa się przez gęstwinę gałęzi, rzucając srebrzyste refleksy na sierść wilka i krawędzie liści. W lasach Kontynentu wilki nie atakują po jednym — jak przyjdzie noc, nie przyjdzie jeden wilk.
38	Na dachu zrujnowanej katedry Ravnicy stoi Liliana Vess z dumnie uniesioną głową, jej fioletowe oczy i runiczne tatuaże emanują oślepiającym purpurowym blaskiem. Na spękanym bruku u jej stóp oddziały błękitnych Wiecznych Bolasa padają na kolana lub rozpadają się na tysiące szafirowych odłamków i czarny pył. W powietrzu wirują strzępy purpurowych tkanin, iskry nekrotycznej mocy i dymne smugi układające się w niewyraźne sylwetki pokonanych. Wreszcie, po wiekach paktu, nekromantka używa swojego Welonu przeciwko temu, który ją wynajął — a Ravnica patrzy bez słowa.
39	Na błotnistym polu bitwy wśród połamanych włóczni masywny ciemnozielony ork w zardzewiałej kolczej zbroi zatapia okuty but w grząskim podłożu, rozbryzgując wodę i błoto. Wokół jego napiętych mięśni i oburęcznego topora wirują ostre zygzakowate pasma jaskrawoczerwonej magii Waaagh!, nadając mu nienaturalnie napęczniałą sylwetkę. Za plecami garbaty szaman w futrach wyciąga kościany kostur, z którego płynie ta sama czerwona moc — jeden goblinoid karmi drugiego surową wiarą w przemoc. W Starym Świecie orkowie nie potrzebują strategii, bo mają to, co lepsze — dosłowną wiarę, że większy i głośniejszy zawsze wygrywa.
40	Na kamiennym dziedzińcu katedry w Benalii stoi rycerz w lśniącej złotej zbroi zdobionej motywami witrażowymi, a od stóp spowija go gęsta czarna mgła przypominająca rozlany atrament. Dolna część jego ciała traci już kolory i detale, stając się płaską czarną sylwetką pozbawioną trójwymiaru — jakby ktoś zamalowywał go od dołu nieprzeniknioną czernią. Wciąż trzyma tarczę z symbolem słońca, ale jej krawędzie zaczynają się rozmywać w smugach dymu. W benalijskim chórze toczy się cicha wojna o duszę Dominarii, a czarna magia nie krzyczy — po prostu ściera cię z pamięci.
41	W podziemnej komnacie pod Ravnicą stoi golgaryjska nekromantka o bladoszarej skórze pokrytej chitynowymi naroślami, krzyżując przed sobą dwie ozdobne nożyce rytualne. Między napiętymi ostrzami biegną lśniące bladofioletowe nici życiowej energii — jedna strona prowadzi do drobnego grzybiarza, który spokojnie oddaje swoją witalność, druga zaciska się na ciemnej sylwetce wroga w głębi tunelu. Grzybiarz blaknie i rozmywa się, a skóra nekromantki na moment nabiera cieplejszego odcienia, zanim siła trafi już jako klątwa. W rurach kanalizacyjnych Golgari śmierć nie jest tragedią, lecz obiegiem — a nożyce tylko odcinają to, co pora oddać Grobowcom.
42	Na starym gotyckim cmentarzu Innistradu tuż po zmierzchu stado wielkich kruków osiadło na omszałych nagrobkach i żelaznym ogrodzeniu. Na wilgotnej ziemi leżą puste szaty i srebrna tarcza strażnika, z których unoszą się eteryczne błękitne opary i świetliste symbole — wspomnienia i słowa zmarłego. Jeden z kruków na pierwszym planie trzyma w dziobie taką świecącą smugę, a jego oczy jaśnieją przejętą tajemnicą. W Stensii ptaki cmentarne nie szukają ciał — zabierają to, co unosi się nad nimi, i w tej krainie zawsze znajdą pożywienie.
43	Na skalistym urwisku Zendikaru dwoje kapłanów rasy Kor stoi w porywistym wietrze — kobieta trzyma oburącz ciemny artefakt o nienaturalnych kształtach, mężczyzna wyciąga nad nim dłonie. Z jego palców bije oślepiające białe światło uświęcenia, pod którego dotykiem artefakt pęka i rozsypuje się w pył, natychmiast porywany przez górski wiatr. Ich twarze wyrażają pragmatyczny spokój — nie gniew, nie tryumf, tylko odrzucenie zbędnego balastu. Nad nimi, na burzowym niebie, unoszą się starożytne hedrony Zendikaru, a Kor znowu powtarzają to, co od pokoleń: jeśli nie możesz tego unieść, nie musisz tego nosić.
44	Na krawędzi podziemnego urwiska w Underdark stoi masywny jaszczurczy wojownik w grubym skórzanym kaftanie, hak wspinaczkowy w jednej dłoni i krótka, zatarta maczeta w drugiej. Żółte oczy o pionowych źrenicach świecą słabo w ciemności, oceniając drogę w dół ku gigantycznej kawernie, w której pulsują odległe punkty fioletowej bioluminescencji. Za nim na ścieżce czekają niewyraźne sylwetki reszty grupy — wiedzą, że w podziemiach Faerûnu najpierw schodzi ten, po którym reszta nie boi się wejść. Underdark nie toleruje magicznych sztuczek, tylko haku, liny i instynktu — a ten jaszczur ma wszystkie trzy.
45	We wnętrzu azoriuskiego gmachu Ravnicy mag-urzędnik w biało-niebieskiej todze stoi z rozłożonym pergaminem, nad którym unosi się półprzezroczysta świetlista matryca cienkich linii. Z tej matrycy wychodzą wąskie równoległe promienie uderzające w humanoidalną postać na stopniu — jej dłonie opuszczone, stopy nieruchome, sylwetka zatrzymana światłem zakazu ruchu. Za nią druga postać rozpływa się w drobne białe punkty, znikając w kierunku wysokiego okna, z którego wpada słup kurzu. W Azoriusie walka nie wygląda jak walka — wygląda jak paragraf, który przestaje dotyczyć przeciwnika.
46	Na kamiennym dziedzińcu pod Vitu-Ghazi stoi rycerz Selesnya, unosząc przed sobą okrągłą tarczę z rozjarzonym symbolem drzewa gildii. Z tarczy wystrzelają trzy odrębne strumienie energii — szmaragdowozłoty wir mocy wzmacniającej, oślepiający biały promień zdolny wymazać zagrożenie i łagodne złotobiałe światło formujące u ziemi klęczącą sylwetkę rycerza-strażnika powołaną z czystej wiary. Z krawędzi tarczy wyrastają pędy i listki, bo sama jest żywym organizmem, a nie przedmiotem. Trzy oblicza jednego zaklęcia — wszystkie wypływające z tego samego drzewa, które Ravnica wychowała pod swoim starym placem.
47	Na spokojnym metalicznym krajobrazie Mirrodinu, wśród lśniących sześciokątnych płyt, stoi kapłan rasy leonin o białym futrze i złotej grzywie w ceremonialnych szatach przetykanych stalą. Przed nim leży inertny, ciemny phyrexiański relikt, nad którym leonin wyciąga dłoń, wypuszczając miękkie złote światło uświęcenia. Artefakt bezszelestnie rozpuszcza się w wirujący złoty pył, który unosi się i otula sylwetkę kapłana jak życiodajna chmura. Na skażonym świecie sama obecność tego światła to forma zwycięstwa — Mirrodin nie będzie jeszcze cały, ale przynajmniej dziś jedno skażenie mniej.
48	W wymiarze Duskmourn rozciąga się opuszczony park rozrywki — brudnoczerwone namioty cyrkowe o postrzępionych płótnach oddychają bez wiatru, a w głębi zardzewiałe torowiska roller coastera urywają się nagle w pustce. Karuzela z drewnianymi końmi o wymalowanych grymasach obraca się sama w hipnotycznym zbyt wolnym tempie, podczas gdy diabelski młyn skrzypi pod wiatrem, którego nie ma. W powietrzu krążą bezcielesne smugi w kształcie uśmiechniętych twarzy — echa śmiechu tych, którzy weszli i nigdy nie wyszli. Niebo koloru brudnej pomarańczy nie przechodzi w noc ani nie wraca do dnia — Duskmourn zaprasza łagodnie, a łatwiej tu wejść niż znaleźć wyjście.
49	Na niestabilnym pograniczu między Jund a Grixis na Alarze ziemia się wypiętrza, pęka i miesza w surrealistyczny sposób — pomarańczowa lawa z lewej wlewa się w fioletowoszare mokradła z prawej, tworząc kłęby neutralnej pary. Po wulkanicznej stronie, na skale porośniętej prehistoryczną roślinnością, siedzi mały zdezorientowany goblin, który z wielkim zdziwieniem obserwuje przez parę powolną sylwetkę wędrującego we mgle nieumarłego. Żadne z nich nie atakuje — oboje dopiero oswajają się z faktem, że ich światy już się nie kończą tam, gdzie kończyły się wczoraj. W epoce Conflux Alara jest układanką niepasujących do siebie fragmentów, a pierwszym aktem każdego mieszkańca jest gapienie się w rzeczywistość, która nie powinna istnieć.
50	We wnętrzu starego drewnianego dworu Innistradu długi korytarz wyłożony rzeźbionymi biblioteczkami skręca się wokół własnej osi niczym iluzja optyczna. W centrum stoi zdezorientowana młoda kobieta w białej koszuli nocnej, trzymająca zgaszony mosiężny kandelabr, gdy z wykrzywionych półek spadają ciężkie księgi i zwoje. Zanim dotkną podłogi, rozpuszczają się w niebieskawoszarą magiczną mgłę, która pełza po deskach i formuje się w zarysy upiornych nagrobków. Na Innistradzie sen nie jest odpoczynkiem, lecz przestrzenią, w której architektura zapomina swoich obowiązków wobec praw fizyki.
51	W sercu pradawnej puszczy Śródziemia — może Mrocznej Puszczy, może Taur-nu-Fuin — wysoki, wąskooki elf w kapturze opiera dłoń na omszałym pniu drzewa, a z punktu kontaktu rozchodzi się sieć szmaragdowych żyłek pulsująca pod korą. Druga dłoń ściska prostą laskę bojową opartą o ramię — to strażnik, który nigdy nie opuszcza warty. Wokół niego drzewa zwisają grubymi gałęziami, a między pniami widoczne są ledwo zarysowane sylwetki innych leśnych istot, których obecność wzmacnia jego wiedzę. Nie lubi gości, bo nie musi — ten las zna jego, a on zna ten las, i oboje są zgodni co do tego, kto tu nie pasuje.
52	W granatowej mgle nocnego lasu Kontynentu, oparty o pień starego drzewa, głęboko śpi siwy rzemieślnik w skórzanym płaszczu. Tuż nad jego czołem unosi się sylfida — mała blada wróżka o czworgu czarnych oczu i cienkich przezroczystych skrzydłach — trzymając otwarte dłonie kilkanaście centymetrów nad jego głową. Między jej dłońmi kłąb błękitnego świetlistego pyłu formuje się w trójwymiarowy zarys małego mechanicznego ptaka — wspomnienie wyjęte ze snu. Na jej szyi cienki rzemyk z wcześniejszą zdobyczą — zmatowiałą starożytną monetą. Wróżki wiedźmińskich lasów zbierają nie to, co cenne, lecz to, co potrafią unieść w pamięci.
53	W krystalicznych głębiach gazowego giganta Uthros przesuwa się cicho agent gatunku Illvoi — meduzowaty humanoid o kopulastej półprzezroczystej głowie w odcieniach lodowego turkusu i kobaltu. W jednej z cieńszych macek dzierży zakrzywione ostrze uformowane cloudsculptingiem z supergęstych gazów, w drugiej przytrzymuje krystaliczny pojemnik z danymi. Reszta macek unosi się za nim w płynnym bezgłośnym ruchu, a sylwetka zlewa się z lodowymi ścianami jaskini pokrytej zamrożonymi gazami i bladą bioluminescencją. W głębokiej infiltracji Kombinatu Uthros nie liczy się siła, lecz to, kto pierwszy zobaczy — a Illvoi widzą wszystko, czego nie słychać.
54	W gęstych, zniekształconych duchową anomalią ostępach lasu Jukai na planie Kamigawa nawet najbardziej zaawansowana technologia zawodzi w starciu z nieznanym. Samotna elficka zwiadowczyni wyłania się ze spowitych mgłą zarośli, kurczowo ściskając w dłoniach pęknięty rejestrator o ekranie migoczącym cyfrowym szumem. Choć zapisany materiał został bezpowrotnie uszkodzony przez silną interferencję z mrocznymi kami, niezrównany instynkt przetrwania pozwolił kobiecie bezpiecznie powrócić na skraj metropolii Towashi. Za bezpiecznymi murami rozświetlonego neonami posterunku ocalała z ulgą odzyskuje spokój i siły, zachowując sekrety puszczy wyłącznie dla siebie.
55	W mrocznej, opuszczonej komnacie na pograniczu fragmentów Alary unosi się nad kamiennym postumentem pojedyncza strona wykuta z eteriumu, obracająca się powoli wokół własnej osi. Na jej metalicznej powierzchni walczą o dominację trzy odrębne wzory run — ciepłe białozłote spirale uzdrowienia, chłodne bladoniebieskie diagramy wglądu oraz ciemnofioletowe drapieżne glify sączące się czernią po krawędziach. Trzy kolory many Esper przeplatają się i nakładają, ale nigdy nie mieszają — w każdej chwili jeden wysuwa się na przód, a pozostałe cofają. Komnata wokół nosi cechy trzech światów: gładki kryształ Esper, złote winorośla Bant, spękane kamienie Grixis — a luźna strona jest pytaniem, na które hegemon jeszcze nie znalazł odpowiedzi.
56	W żebrowanym metalowym korytarzu granicznej placówki Evendo stoją naprzeciw siebie dwie postacie rozdzielone półprzezroczystą zieloną barierą kontroli dostępu. Po lewej masywny Kav w ciężkim górniczym pancerzu miedziano-stalowym, wokół którego świeci krótka zielona aura dodatkowej czujności. Po prawej smukły Eumidianin o owadzich cechach, trzymający laskę z kryształowym zakończeniem, a w chwili kontaktu z zieloną smugą przechodzącą przez barierę jego chitynowe segmenty zatrzaskują się na moment w unieruchomieniu. Na ścianie dyskretnie świeci panel DIPLOMATIC CHANNEL — na The Edge dyplomacja to głównie kwestia tego, kto kogo zamknie w polu bezpieczeństwa pierwszy.
57	Nad dachami Ravnicy o zachodzie słońca unosi się spiralna kolumna zamaskowanych postaci, każda całkowicie okryta wyblakłymi szatami, spod których nie widać ani twarzy, ani dłoni. Najniższa dopiero odrywa stopy od kamiennego gzymsu gotyckiej wieży, środkowe lecą już swobodnie z tkaniną rozciągniętą w kształt ptasich skrzydeł, a najwyższa zlewa się ze złotą poświatą nieba. Na dachach poniżej, w cieniach kominów, czekają kolejne zasłonięte sylwetki otoczone subtelną złotawobiałą aurą — jeszcze przywiązane do ziemi, ale już obietnice przyszłego wzniesienia. Na Ravnicy niektóre zakony wierzą, że zasłona nie więzi, lecz wyzwala, a tożsamość jest największą kotwicą — jeśli ją zdjąć, można wreszcie polecieć.
58	Na szerokich, oświetlonych neonami alejach dzielnicy Mezzio na planie New Capenna rodziny przestępcze toczą bezwzględną walkę o kontrolę nad dostawami substancji Halo. Masywny, opancerzony wóz bojowy ze stali i polerowanego mosiądzu z rykiem potężnego silnika zajeżdża na skrzyżowanie, blokując cały ruch uliczny. Z opuszczonej z sykiem pneumatycznej rampy natychmiast wyskakują uzbrojeni egzekutorzy w prążkowanych garniturach, gotowi do błyskawicznego wsparcia swoich ludzi na linii frontu. Ta mobilna twierdza na kołach pozwala syndykatowi w ułamku sekundy przegrupować siły i zdominować każdy rejon metropolii.
59	W kolumnowej sali Wieży Modlitw w Mysidii stoi Starszy — dostojny siwobrody mężczyzna w głębokoczerwonych szatach ze złotymi ornamentami — z dłonią uniesioną w geście prezentacji, na której tańczy niewielki kontrolowany płomień. Pół kroku za nim, w cieniu, nieruchomo czeka czarny mag Mysidii w spiczastym kapeluszu, jego twarz zakryta, spod czarnej otchłani widać tylko dwie świecące żółte źrenice. Między nimi a obserwatorem rozpościera się kołowy symbol Mysidii wyryty w posadzce, a za kolumnami obserwują bez słowa biali i czarni magowie miasta. W świecie, który utracił Kryształy, próba rzucana jest nie mieczem, lecz ogniem — a czarny mag odpowie na każde zaklęcie, które nie spełni standardu.
60	W nieprzebytych, niebezpiecznych ostępach Dziczy na planie Eldraine gęste sploty drapieżnych cierni skrywają nieliczne oazy absolutnego spokoju. Spomiędzy gigantycznych, kwitnących różaneczników i omszałych skał wypływa z potężnym szumem krystaliczny wodospad, zasilający szmaragdowe leśne rozlewisko. Każda kropla spienionej, nasyconej pierwotną magią wody niesie w sobie uzdrawiającą moc, przynosząc natychmiastowe ukojenie i nowe siły wyczerpanym wędrowcom. Ten uświęcony zakątek natury pozostaje bezpiecznym azylem pośród nieokiełznanej puszczy, łącząc surową potęgę ciernistego lasu z życiodajną czystością górskich strumieni.
61	Na torze wieloplanarnego Aetherdriftu rydwan-glider o jaskrawoczerwonej karoserii zostaje trafiony falą lodowobłękitnej energii krystalizacyjnej, która rozpryskuje się w eksplozję kryształowych struktur. Błękitne kryształy błyskawicznie porastają silnik, blokują mechanizmy sterowe i pokrywają koła grubą lśniącą skorupą, zamrażając pojazd w pół-ruchu, przechylony, jedna strona jeszcze uniesiona od prędkości. W kokpicie demoniczny pilot o czerwonawej skórze i małych rogach zaciska dłonie na sterach z wyrazem szoku, gdy kryształy pełzną po jego ramionach. Za nim w rozmyciu prędkości pędzą rywale omijający katastrofę — w wyścigach Kaladesh pierwsze miejsce nic nie znaczy, jeśli czas twojego pojazdu został zatrzymany.
62	Na mokrej leśnej ściółce Innistradu leży potężna kreatura o rozłożystych skórzastych skrzydłach, gęsto oplecionych grubymi zielonymi pnączami i zdrewniałymi gałęziami wyrastającymi wprost z podłoża. Skrzydła są dociśnięte płasko do warstwy mchu i ciemnego błota, unieruchomione przez liczne sploty roślinności, które zacisnęły się szybciej, niż bestia zdołała się odepchnąć od ziemi. W tle czarne pnie drzew niknące w jasnej mgle, a na pierwszym planie opadłe liście i detale splątanych korzeni trzymających lotnika przy gruncie. Gdy Ulvenwald się budzi, nawet skrzydlaci stają się piechotą — i nie ma powrotu w powietrze, nim sam las nie odda swojej zgody.
63	Na dymiących, siarkowych graniach Gór Sokenzan na planie Kamigawa gobliny akki regularnie składają daniny potężnym smokom zrodzonym z ognia. Dwaj zwiadowcy o twardych skorupach na plecach ostrożnie skradają się wzdłuż urwiska, niosąc skromny dar w nadziei na ubłaganie skrzydlatego bóstwa. Gdy potężny, łuskowaty szpon kolosa z hukiem opada na sąsiednią skałę, obaj mali wędrowcy zamierają w paraliżującym przerażeniu pośród wirujących iskier. Zgodnie z tradycją ich plemienia, gobliny zawsze wyruszają w takie misje parami, by przynajmniej jeden świadek mógł opowiedzieć współplemieńcom o tragicznym losie swojego towarzysza.
64	Wysoko ponad pustynnymi kanionami Tarkiru wojownicy klanu Dromoki doświadczają najwspanialszego daru swoich smoczych władców. Nasycony słonecznym tchnieniem piechur z pełną prędkością szarżuje po zawieszonych w powietrzu, krystalicznych stopniach ze skondensowanego światła. Każde stąpnięcie po świetlistej ścieżce wyzwala złocisty blask, nasycając pancerz wojownika energią pozwalającą toczyć walkę na równi ze skrzydlatymi drapieżnikami. Jak z dumą powtarza wojownik Urdnan, dzięki łasce Dromoki ludzie zyskują podniebną wolność bez konieczności posiadania własnych skrzydeł.
65	We wnętrzu wielopoziomowej biblioteki Strixhaven na Arcavios, na wąskim kamiennym balkonie, uczony w wielowarstwowych szatach ze srebrnym haftem stoi nad rzeźbionym pulpitem. W słupie błękitnego światła wpadającym przez witraż lewitują dwa masywne skórzane tomy — jeden spowity czarną dymną energią zostaje gestem zepchnięty w ciemność między regałami, drugi otwiera się gwałtownie ku twarzy maga z intensywnym błękitnym blaskiem. Wokół wirują drobinki kurzu, wyrwane kartki z formułami i atramentowe smugi układające się w skomplikowane diagramy. Na Arcavios nauka polega na wyborze, która wiedza wraca do ciebie, a która ma zostać pogrzebana — a studenci Strixhaven ten wybór robią codziennie przed śniadaniem.
66	W parnych, nadrzecznych dżunglach terytorium klanu Sultai na planie Tarkir stada wielkich mandryli bezwzględnie strzegą leśnych traktów przed intruzami. Potężny samiec alfa o jaskrawoczerwonym pysku i potężnych kłach z łatwością rozbija kamienne schody zrujnowanej świątyni, ruszając do niszczycielskiej szarży. Ozdobione zrabowanymi sułtańskimi brązami i nefrytem bestie z ogłuszającym wrzaskiem przedzierają się przez gąszcz pnączy, taranując każdą przeszkodę na swojej drodze. Dla nieostrożnych wędrowców zapuszczających się w głąb tego bezlitosnego królestwa spotkanie z tutejszymi drapieżnikami stanowi krótki i ostateczny wyrok.
67	W industrialnym korytarzu reaktora Mako nr 1 w Midgar stoi bojowy robot-skorpion wielkości samochodu dostawczego, sześć mechanicznych nóg wbitych w metalową posadzkę. Jego segmentowy ogon z cylindryczną lufą laserową jest uniesiony nad grzbietem, a wokół niej tańczą błękitne wyładowania elektryczne gromadzące się w coraz jaśniejszy punkt na końcu lufy. W centralnych soczewkach torsu świecą czerwone sensory skanujące otoczenie, a pod kratownicami podłogi pulsuje zielonkawy blask Mako. Shinra zbudował go po to, by bronił serca planety przed samymi ludźmi — w tym momencie tuż przed strzałem, dokładnie tak jak ostrzegł Cloud.
68	Przez zaśnieżoną górską przełęcz Tarkiru przedziera się ainok z klanu Temur — humanoidalny psi zwiadowca z wydłużonym pyskiem i świecącymi złotymi oczami węszącymi w zamieci. Jego gęste, piaskowo-szare futro pokryte cienką warstwą szronu, w dłoni-łapie długa włócznia tropiąca z kościanym grotem wystawiona do przodu. Na śniegu przed nim świeże odciski łap drapieżnika, a w oddali za zasłoną śniegu czają się sylwetki kolejnych wojowników Temur czekających za skalnym nawisem. Klan, który wierzy w instynkt smoków i wilków, nie wysyła ludzi tam, gdzie pies poczuje trop wcześniej — ten ainok jest parą oczu Surraka w zamarzniętej pustce.
69	W mrocznym zagraconym laboratorium Wielkiego Magistra Nauk Tajemnych, na ciężkim dębowym stole, leży otwarty wolumin o pożółkłych stronach. Mosiężna rękawica z ostrymi metalowymi rysikami na palcach agresywnie zdrapuje iluminowane litery z pergaminu, a pięć arkuszy właśnie rozpada się na strzępy i czarny pył wirując w powietrzu jak stado spłoszonych ptaków. Tusz rozmazuje się pod wpływem magicznej energii, zamieniając się w gęste czarne krople lewitujące nad blatem. Kolegium Światła wierzy, że niektóre księgi trzeba czytać uważnie, a inne rozłożyć na atomy, zanim ktoś inny zdąży je otworzyć — ta należy do drugiej kategorii.
70	Na rozległym kampusie uniwersytetu Strixhaven na planie Arcavios adepci Kolegium Quandrix do perfekcji opanowali manipulację przestrzenią i energią. Gdy eksperymentalny konstrukt wymyka się spod kontroli na dziedzińcu, bystry student magii w ułamku sekundy formuje w powietrzu idealną sferę z fraktalnej energii. Pulsująca błękitem i szmaragdem bariera natychmiast więzi szarżującą bestię, paraliżując jej ruchy za pomocą skomplikowanych splotów topologicznych. Unoszący się w powietrzu intruz pozostaje całkowicie bezradny, stanowiąc dla zgromadzonych żaków kolejny dowód na to, że czysta logika potrafi okiełznać każdą fizyczną siłę.
71	Na wilgotnej uliczce na tyłach Nowej Capenny, w blasku bursztynowo-turkusowych neonów, masywny antropomorficzny nosorożec Balzano w prążkowanym garniturze i fedorze stoi niewzruszony ze skrzyżowanymi na piersi ramionami. Jego kopytopodobna stopa spoczywa na stosie rozsypanych złotych żetonów skarbu, a z boku kadru dwóch napastników w prochowcach zostaje odrzuconych w mokre powietrze przez niewidzialną barierę — jedna fedora leci w bok. Na ceglanej ścianie za nim wyblakłe ogłoszenie firmy Balzano Security nosi ślady po kulach z poprzednich wieczorów. W rodzinie Obscura siła fizyczna zawsze będzie tańsza niż wdzięk dyplomaty, a firma Balzano dba o to, żeby kurs nie spadł.
72	W mrocznej podziemnej krypcie na Dominarii stoi monumentalny kamienny łuk smoczy wysokości kilku metrów, dwa smoki wyryte w filarach zwrócone pyskami ku sobie. Między filarami pulsuje gorąca pomarańczowo-żółta poświata wypełniająca portal, a w jej sercu zarysowuje się sylwetka wyłaniającego się smoka — rozpostarte skrzydła, rogi, żarzące się oczy. Na posadzce przed łukiem widać wyblakłe okręgi przywołań i osmalone kamienie — ślady po wcześniejszych, nie zawsze udanych próbach. W dominariańskich kryptach artefakty nie obiecują posłuszeństwa tego, co przez nie przeszło — obiecują jedynie, że coś przejdzie.
73	Na linii podziału między czystym a skażonym lasem Tangle na Mirrodinie stoi humanoidalny konstrukt bojowy z jasnego złotawego metalu, ostrza wyrastające wprost z przedramion wystawione przed siebie i na boki. Jego cylindryczny moduł sensoryczny świeci ciepłym złotawobiałym blaskiem, skanując bez przerwy otoczenie w poszukiwaniu tego, co się rusza po niewłaściwej stronie linii. Za jego plecami pnie lśnią jeszcze miedzianym połyskiem, przed nim drzewa pokryte ciemnozieloną oleistą substancją phyrexiańskiej korupcji. Mirrański ruch oporu wytwarza takich strażników setkami — mają odciągać uwagę, kupować minuty i umierać w milczeniu bez raportu.
74	Przez suche stepy Tarkiru uderza fala lamelkowej kawalerii klanu Mardu — na czele potężny wojownik w otwartym hełmie z napolicznikami, szablą uniesioną nad głową w bojowym krzyku. Za nim pędzi kilkunastu jeźdźców z chorągwiami i włóczniami, kopyta wzbijają złotawy pył, który tworzy za szarżą chmurę rozświetloną niskim słońcem. Każdego wojownika otacza subtelna białozłota poświata — ich aura karmi się samym impulsem natarcia, jaśniejąc im bliżej wrogów. Wysoko nad polem bitwy krąży smok, a Mardu naśladują jego styl polowania — prędkość, głód i brak pauzy między dostrzeżeniem ofiary a uderzeniem.
75	Przez ruiny dominariańskiej wioski pędzi phyrexiański horror — wychudzona zniekształcona istota z poplątanych ścięgien, ciemnej chityny i odsłoniętych metalicznych kości. Zamiast twarzy ma gładką wydłużoną powierzchnię z pojedynczym otworem świecącym chorobliwą bladozieloną poświatą, a z pleców wyrastają niesymetryczne kolce imitujące skrzydła. Wokół jej pędzącej sylwetki unoszą się bladoniebieskie strzępki wspomnień, wyrywane z powietrza wokół niej jak owady ze światła — wiedza, którą wróg zyskuje z samej obecności tego stworzenia. Phyrexia nie przysyła strategów — przysyła gniew w cielesnym kształcie, a Dominaria znów musi odkrywać, jak brzmi nazwisko nieubłaganego.
76	W smaganych wiatrem wieżach Saphery elficcy arcymagowie z Ulthuanu spędzają całe stulecia na zgłębianiu najdrobniejszych niuansów Wysokiej Magii. W trakcie pojedynku na marmurowym tarasie mistrz z Białej Wieży Hoetha unosi dłoń w niedbałym, pełnym arystokratycznego spokoju geście. Niszczycielski strumień sprofanowanej energii w ułamku sekundy rozbija się o niewidzialną barierę, rozpadając się na miliony nieszkodliwych, błękitnych okruchów. Cała skomplikowana wiedza i potęga obcego czarnoksiężnika zostaje zredukowana do jednego, bezwzględnego aktu arkanicznej negacji.
77	W palącym blasku zachodzącego słońca na zakurzonej ulicy przygranicznego miasteczka na planie Thunder Junction czas zdaje się zastygać w bezruchu. Doświadczona rewolwerzystka Annie Flash staje naprzeciw przeciwników w nienagannej, stabilnej pozie weteranki niezliczonych starć. Błyskawiczny wystrzał z jej trójlufowej rękawicy rozdziera gorące powietrze oślepiającą wiązką elektryczności, w ułamku sekundy rozstrzygając wynik pojedynku. Zabezpieczywszy bezcenny relikt ze starożytnego skarbca, legendarna banitka przypomina całemu pograniczu, dlaczego jej imię wciąż budzi powszechny respekt.
78	W bogato zdobionej kupieckiej sypialni na łożu z bordowymi prześcieradłami leży starszy otyły mężczyzna, lśniący od potu, dłonie kurczowo zaciśnięte na pościeli. Nad jego wezgłowiem stoi oneiromantka w ciemnym podróżnym płaszczu z naciągniętym kapturem, otwarta dłoń kilka centymetrów nad czołem śpiącego. Z głowy mężczyzny wypływa gęsta bladolawendowa mgła, wewnątrz której formują się półprzezroczyste zarysy stert monet i zwojów pergaminu — sekrety wciągane precyzyjnie do szklanej ołowianej fiolki w jej drugiej dłoni. Wąski snop księżycowego światła wpada przez okiennice, oświetlając tylko tę jedną pracę — w redańskich miastach Kontynentu niektóre rzemiosła wykonuje się tylko w nocy.
79	Na popielatej równinie Zendikaru po przejściu Eldrazi stoi ogromny hedron wielkości kilkupiętrowego budynku, lekko przechylony, jednym rogiem zagrzebany w szarym gruncie. Jego powierzchnia pokryta jest gęstą siecią wyrytych run pulsujących bladym ciepłym światłem — jedyny ślad magii w martwym krajobrazie pozbawionym trawy i kamieni. Po zawietrznej stronie konstrukcji zgromadziła się mała grupa ocalałych różnych ras, rozpinających płachty i liny między wystającymi rogami hedronu — prowizoryczna osada w morzu pustki. Tam, gdzie Eldrazi zostawili po sobie nicość, hedrony wciąż pamiętają, że kiedyś ten świat miał magię — a ci, którzy się przy nich zatrzymali, pamiętają to również.
80	W sterylnych, monumentalnych nawach Czystej Bazyliki na planie Mirrodin bunt pretora Urabraska dobiega ostatecznego końca. Na podwyższeniu z białego marmuru bezwładny korpus z czarnego żelaza spoczywa unieruchomiony w polach stazy, pozbawiony swoich niszczycielskich kończyn. Porcelanowi inżynierowie Ortodoksji Maszyn metodycznie przenoszą zdemontowane elementy pancerza wprost do otwartego kokonu inkubacyjnego, by zasilić nimi nową jednostkę bojową. Ze szczytu balkonu sama Elesh Norn obserwuje upadek rebelii, nakazując pozostawić rozbrojonego zdrajcę jako niemy i bezsilny pomnik swej absolutnej władzy.
81	W wilgotnym podszyciu tropikalnej dżungli Tarkiru siedzi krotiq wielkości konia — ogromny owad o chitynowym pancerzu w odcieniach ciemnej czerwieni i brązu, pokryty naroślami przypominającymi korę. Jego masywne kleszcze przednich odnóży złożone są jak tarcze, a nisko osadzone oczy złożone obserwują spokojnie ludzkiego trapera, który właśnie zorientował się, że korzeń przecięty przez jego maczetę jest żywy. Za bestią, w zagłębieniu między korzeniami, lśnią bladozielone jajeczne kokony — powód, dla którego strażniczka nie rusza się z miejsca. Wokół, w gęstwinie, obracają się powoli inne korzenie — dżungla Temur jest pełna matek, a matki krotiqów nie dają drugiej szansy.
82	Podczas zaciętych walk na frontach Wielkiego Scalenia na planie Alara rycerze z odłamu Bant musieli znaleźć nowe sposoby przekazywania rozkazów. Wobec zdziesiątkowania tradycyjnych zwiadowców avenów przez potworności z sąsiednich krain, dowódcy polowi zaczęli wykorzystywać zwinne sokoły z ościennej puszczy Naya. Majestatyczny biało-złoty drapieżnik ląduje z impetem na opancerzonym ramieniu oficer, dostarczając w szponach zapieczętowany zwój z planami wroga. Błyskawiczne wieści przyniesione przez skrzydlatych posłańców dają obrońcom bezcenną wiedzę taktyczną, pozwalając w porę przegrupować oddziały na zagrożonych odcinkach granicy.
83	Przez mroczny iglasty las pędzi trójka masywnych zwierzoludzi-minotaurów z wyfilcowanym ciemnobrązowym futrem i zakrzywionymi rogami ze śladami po zadrapaniach. Lider grupy na pierwszym planie trzyma uniesiony do ciosu ogromny dwustronny topór z wyszczerbionymi krawędziami, a z jego rozwartego pyska z żółtymi kłami bucha para. Ich bursztynowe oczy żarzą się tępym blaskiem w cieniu, rozszczepione kopyta wbijają się w ściółkę wyrzucając błoto i igliwie, grube gałęzie pękają pod naciskiem barków. Zwierzoludzie nie skradają się i nie planują — Głaz Stada pchnął ich na tę drogę, a Dzieci Chaosu idą nią, dopóki coś ich nie zatrzyma.
84	W nieprzebytych, pradawnych ostępach lasu Krosa na Dominarii potężny łowca Garruk przemierza bezdroża w towarzystwie swoich najgroźniejszych leśnych bestii. Wychowany w twardym prawie przetrwania drapieżnik o zakrzywionych rogach i potężnych kłach niestrudzenie toruje drogę przed swoim przewodnikiem. Każda przeszkoda na szlaku — od zwalonych stuletnich pni po gęste chaszcze — zostaje bezlitośnie zmiażdżona pod ciężarem pędzącej masy mięśni. Pierwotna więź łącząca planeswalkera z jego zwierzęcym kompanem sprawia, że żaden wróg nie jest w stanie powstrzymać ich wspólnego natarcia przez dzikie knieje.
85	W bezdennych, wypełnionych nekrogenem czeluściach Dross Pits na planie Mirrodin biomechaniczne monstra frakcji Sheoldred niestrudzenie polują na wszelkie ślady oporu. Smukły niszczyciel z czernionego metalu i syntetycznych ścięgien bezszelestnie przemierza zardzewiałe pomosty, wypatrując ruchu na dolnych poziomach kopalni. Każde starcie z tą bezwzględną machiną kończy się natychmiastowym zniszczeniem intruza i pozyskaniem cennych surowców dla potęgi Nowej Phyrexii. Gdy krople lśniącego oleju skapują z jego żelaznych szponów w mroczną otchłań, stworzenie bez wahania rusza naprzód, gotowe złożyć kolejną daninę z życia na ołtarzu wielkiej kompleacji.
86	Nad lewitującymi skalnymi wyspami Sea of Clouds unosi się moogle — okrągła puszysta istota wielkości kota, o śnieżnobiałym futerku i ciemnofioletowych nietoperzowych skrzydełkach rozpostartych w locie. Nad jego głową kołysze się charakterystyczna cienka antenka zakończona różowym pomponem, a twarz rozpromieniona błogim uśmiechem. Jedną małą łapką dotyka czubka głowy stojącej niżej na skalnej wyspie sylwetki wojownika, i w miejscu kontaktu rozbłyskuje ciepła złotobiała iskra błogosławieństwa. W Eorzei moogle zjawiają się wtedy, gdy są potrzebni, i znikają, gdy nie są — kupo zawsze zostawia za sobą odrobinę siły, kupo.
87	Na rozświetlonej słońcem łące Bant na Alarze samotny rycerz w lśniącej białozłotej zbroi pędzi do przodu na piechotę z uniesionym oburącz mieczem, czempion wybrany do walki w imieniu wielu. Tuż za jego plecami zstępuje majestatyczna anielska postać z rozpostartymi złotopiórymi skrzydłami, prawą dłoń wyciągając ku niemu ze strumieniem ciepłego złotobiałego błogosławieństwa oplatającego jego ramiona i ostrze. Lewą dłoń anioł kieruje ku wrogowi po drugiej stronie kadru, a potężny przeciwnik zastyga w pół-ruchu, spętany bladozłotymi obręczami duchowej mocy. Na wzgórzu w tle stoi grupa wojowników ze złożonymi dłońmi — na Bant rycerz nigdy nie walczy sam, bo wiara tych, którzy go wysłali, leci z nim do przodu.
88	Podczas inwazji Phyrexii na planie Kaladesh dawni śmiertelni wrogowie zmuszeni są połączyć siły w obronie oblężonego Ghirapuru. Były naczelnik Konsulatu Baral oraz piracka kapitan Kari Zev stają ramię w ramię na mosiężnym moście, wyprowadzając zsynchronizowane uderzenie przeciwko biomechanicznym najeźdźcom. Błyskawiczne cięcie szablą i paraliżująca fala błękitnej magii eteru z łatwością rozbijają pierwszą linię wroga, podczas gdy zwinny Ragavan bezczelnie sabotuje mechanizmy przeciwnika. Ten nieoczekiwany sojusz bezwzględnego prawa i pirackiej wolności staje się jednym z najskuteczniejszych bastionów oporu w walce o przetrwanie metropolii.
89	W baśniowym lesie Lorwyn, między gigantycznymi paprociami i świetlistymi grzybami, psotny boggart o zielonkawobrązowej skórze i szerokim uśmiechu rzuca przed siebie kruchą żywiczną bańkę. Bańka właśnie pęka w locie, a z jej wnętrza wylewa się gęsty rój dużych jaskrawoczerwonych mrówek ognistych rozbiegających się we wszystkie strony. Na biodrze boggarta wisi skórzana torba, z której wystają kolejne żywiczne kule pełne owadów — zapas na całe popołudnie. W krainie, gdzie Kithkinowie sypiają w ziemniakach, a drzewa rosną do góry nogami, goblińska psota bywa ostrzejsza od miecza i zawsze szybsza.
90	Na osłoniętym od sztormów wybrzeżu w pobliżu Eiganjo na planie Kamigawa uświęcona zatoka stanowi oazę nienaruszonego spokoju. W płytkich, turkusowych wodach wznosi się cynobrowa brama torii, wokół której bezszelestnie unoszą się świetliste kami czystego morza i porannego blasku. Delikatne fale obmywają biały piasek i omszałe skały, niosąc ze sobą kojącą energię, która przynosi natychmiastowe ukojenie zmęczonym wędrowcom. W tym harmonijnym zakątku świata żywioły wody i światła przenikają się w doskonałej równowadze, tworząc bezpieczną przystań dla ciała i ducha.
91	W kamiennej komnacie wiedźmy na Innistradzie stoi drewniany stół oświetlony kilkoma dogasającymi świecami w żelaznych uchwytach. Na stole spoczywa prymitywna figurka rytualna spleciona z suchych traw i korzeni, w piersi której wbity jest ciemny cierń dzikiej róży — wokół wbicia tkanina nasiąka rozpływającym się ciemnoczerwonym pigmentem. Wokół figurki krąg soli i suszonych ziół, gliniane miseczki z wywarami, pęczki ciernistych gałązek i zwój pergaminu z klątwą wypisaną w stensiańskim dialekcie. W ludowej magii Stensii nikt nie mówi słów, których nie można unieść — a ten cierń znajdzie właściciela tego, kogo figurka przedstawia, zanim dopali się ostatnia kadzidłowa spirala.
92	Na kamiennym moście nad stojącą wodą w fortyfikacjach klanu Silumgar stoi masywny dżin-nieumarły, szarozielona skóra pokryta ostrymi kostnymi kolcami, oczy świecące matową żółtozielenią. W jednej ogromnej dłoni dzierży szeroki zakrzywiony sierp ceremonialny — symbol jego rangi i funkcji w hierarchii klanu. Po obu stronach mostu w nieruchomym szyku stoją kolejne sibsigi — nieumarli słudzy klanu, każdy o innej sylwetce, wszyscy w identycznej postawie oczekiwania. Nad fortyfikacjami krąży sam Silumgar, smok, który z martwych wrogów buduje swoją kolekcję dekoracji — a rzeźnik czeka tylko na skinienie, by dorzucić kolejną figurę do szpaleru.
93	W neutralnej, miękko oświetlonej przestrzeni laboratorium Esper unosi się w powietrzu niewielki artefakt z jasnego eteriumu — spłaszczona sfera otoczona pierścieniem cienkich metalicznych żeber rozkładających się na boki jak płatki kwiatu. Z centralnego kryształu wystrzelają spiralne fale białozłotej energii — czyste symetryczne wzory rozchodzące się promieniście i rozpuszczające warstwa po warstwie obok unoszący się wrogi artefakt o ciemnoczerwonych chaotycznych formach. Jednocześnie sama kapsuła zanika — jej złotawe żebra stają się przezroczyste, rozpływając się w powietrzu razem z uwalnianą energią. Rzemieślnicy Esper wierzą, że najelegantsze narzędzia nie zostawiają po sobie śladu — a kapsuła rozpraszacza jest dowodem, że estetyka Alary może być śmiertelna.
94	Na wapiennych murach oblężonej twierdzy Korlis na Dominarii stoi kilkunastu akolitów w prostych lnianych szatach i lekkich kolczugach, odwróconych plecami do obserwatora. Ich uzbrojenie jest skromne — włócznie, krótkie łuki, oszczepy z kamiennymi grotami — bo metal skażony, drewno trudno dostępne. Na murze za plecami obrońców płoną złotobiałym płomieniem kapłańskie misy ofiarne, rzucając ciepłą ochronną poświatę na twarze i ciała żołnierzy. Starsza kapłanka-dowódczyni unosi dłoń w okrzyku rozkazu — w epoce pęknięć czasu Korlis broni się tym, co ma, a wiara w złotym płomieniu jest cenniejsza od stali.
95	Przed pradawnym Drzewem Przodków — Kin-Tree klanu Abzan — stoi młody kapłan Cemal z Domu Emesh, ramiona rozłożone, dłonie uniesione w geście przyjęcia. Z kory i gałęzi drzewa wyłaniają się spiralne strumienie ciepłego złotawego światła, formujące się w półprzezroczyste świetliste sylwetki przodków wyciągających ku inicjatowi dłonie. Każdy dotyk duchowej dłoni pozostawia na jego ciele złotawy ślad — ciepły blask wchłaniany przez skórę i wzmacniający go od wewnątrz. Za plecami Cemala pień Kin-Tree świeci od wewnątrz pulsującym blaskiem, a na kamiennych płytach u jego podstawy wyryte są imiona tych, którzy odeszli, lecz nie odeszli do końca.
96	W wilgotnym zaułku Nowej Capenny oświetlonym odległym blaskiem neonów art déco stoi pewny siebie mężczyzna w dopasowanej kamizelce z lat dwudziestych, krawacie i ciemnym rozpiętym płaszczu. Przed jego klatką piersiową unosi się geometryczna półprzezroczysta tarcza szmaragdowego światła, a z palców wyciągniętej w bok dłoni spływa gruby strumień jaskrawozielonej magii. Ten strumień oplata stojącego tuż obok gigantycznego czarnego szczura rozmiarów potężnego niedźwiedzia — zmutowaną bestię Cabarettich stojącą nieruchomo przy nodze pana. W rodzinie, która traktuje Obscura jako koncert pozorów, głos szczurów bywa najbardziej wiarygodnym argumentem.
97	Nad metaliczną równiną Mirrodinu wznosi się Kuldotha — kolosalna góra-piec hutniczy, której ciemne żelazne i miedziane warstwy skalne poplątane są rurami, kanałami i kominami buchającymi pomarańczowymi łunami. Na szczycie góry otwarty krater wypełnia płynny metal, a słup gorącego powietrza, dymu i iskier wznosi się ku niebu jak sztuczne słońce rozświetlające okolicę od góry. Po zboczach spływają wąskie strumienie rozżarzonego metalu zasilające baseny i kanały u podstawy, a w jej cieniu krzątają się drobne sylwetki goblinów ciągnących wózki z rudą. Dla goblinów Kuldotha nie jest infrastrukturą — jest świątynią, matką i jedynym bogiem, któremu ufają, bo ogień nigdy nie zawodzi oczekiwań.
98	W ciasnym błotnistym zaułku między krzywymi kamienicami Novigradu, w świetle pojedynczej gazowej latarni, wychudzony wampir niższego rzędu zatrzymuje się w połowie skoku — głowa odwrócona w bok, szczęka luźno opuszczona. Bestia z fascynacją wpatruje się w chmarę małych jaskrawobłękitnych świetlistych motyli wirujących tuż przed jej pyskiem, całkowicie wytrącona z impetu ataku. W głębokim cieniu pod łapami potwora kuli się małe ubrane w brudne łachmany dziecko, z palców którego ulatują ostatnie gasnące błękitne iskry — źródło iluzji. Na Kontynencie Źródła rodzą się w najdziwniejszych miejscach, a motyle stworzone przez spanikowaną rękę ratują więcej istnień niż miecze wiedźminów.
99	W ciemnoniebieskiej toni Morza Żywego Srebra na Mirrodinie płynie majestatyczny gigantyczny wieloryb o płetwach z polerowanej stali. Ma szeroko otwarty pysk, w którym rzędy grubych metalicznych fiszbinów przypominających namagnesowane pręty przyciągają gęste chmury srebrzystych opiłków metalu i drobiny lśniącej rudy zawieszone w wodzie. Wokół niego unosi się kilka precyzyjnie wykonanych kulistych artefaktów emanujących jaskrawym błękitnym światłem, które oświetla paszczę wieloryba i jego stalowe płetwy. W tle wznoszą się potężne heksagonalne kolumny mirrańskiego dna oceanu — w świecie bez ziemi żywe stworzenia nie polują na mięso, lecz na metal, który zastępuje im wszystko.
100	W szerokim zakrzywionym korytarzu stacji kosmicznej na obrzeżach układu Sothera stoi humanoidalny mech eskortowy o smukłej ciężko opancerzonej sylwetce w kolorze ciemnoniebieskiej stali. W prawej dłoni dzierży długą ceremonialną halabardę o lśniącym energetycznym ostrzu — jednocześnie broń i insygnia rangi dyplomatycznej. Lewa ręka trzyma owalną tarczę energetyczną z bladoniebieskiego światła unoszącą się kilka centymetrów od ramienia, gotową do natychmiastowego rozwinięcia. Za plecami mecha widać drobniejszą cywilną sylwetkę emisariusza w eleganckich szatach — na The Edge robot eskortowy nie wygląda groźnie, dopóki nie zorientujesz się, że halabarda już zdążyła zdecydować.
101	Nad kałużą ciemnej wody na błotnistym gotyckim cmentarzu Innistradu kuca szkielet w poszarpanych szatach, trzymając w lewej dłoni żelazną latarnię z zimnym niebieskim światłem. Wyciąga kościstą prawą dłoń w dół ku lustrzanej tafli, ale w odbiciu zamiast szkieletu widać postać żywego mężczyzny w grubym płaszczu podróżnym z latarnią o ciepłym żółtym świetle, wyciągającego dłoń w górę. Palce szkieletu i ludzkie palce z odbicia stykają się dokładnie na powierzchni wody, a między nimi balansuje srebrna moneta — w połowie trzymana nad wodą przez zmarłego, w połowie pod wodą przez żywego. W geometrii Innistradu śmierć i życie nie są oddzielonymi stanami, lecz dwiema stronami tafli, nad którą warto handlować, zanim woda się zetnie.
102	Nad krawędzią ogromnego aktywnego krateru na jundyjskim fragmencie Alary z góry pikuje wielki smok — drapieżnik o ciemnoczerwonych łuskach żarzących się pomarańczową poświatą od tarcia z atmosferą. Jego ciało otoczone jest płomieniami i gorącym powietrzem, za nim ciągną się smugi dymu i iskier niczym za spadającym meteorem. Na wąskim skalnym grzbiecie pod spadkiem dopiero co zauważyła cień mniejsza sylwetka — humanoid lub bestia — z głową uniesioną w jedyny moment rozpoznania zagrożenia, które jest już za blisko. W Jundzie smoki nie dają ostrzeżeń i nie negocjują — kto się gapi w niebo za późno, staje się ucztą, z której nie zostaje nawet opowieść.
103	Po kolana w ciemnej spokojnej wodzie rzeki Tartyks w Podziemnym Świecie Theros stoi nieruchomo mężczyzna w prostej greckiej tunice, twarz uniesiona, oczy zamknięte w spokojnym poddaniu. Z jego głowy i ramion unoszą się ku górze fragmenty wspomnień — eteryczne bladoniebieskie i białe kształty strzępków pergaminu, odłamków posągów, liter alfabetu greckiego — wszystko rozpływające się w bezforemną błękitną mgłę, im wyżej się wznosi. Tafla wody nie odbija jego starej twarzy, lecz tę samą postać młodszą i uśmiechniętą wśród innych ludzi — wspomnienie, które jeszcze trwa, ale już blaknie. Na brzegu symbol Erebosa na omszałej kolumnie patrzy bez wyroku — w zaświatach Theros zapomnienie nie jest karą, lecz ceną wstępu.
104	Nisko nad mokrą nawierzchnią toru wyścigowego Kaladeshu leci widmowy zwiadowca — półprzezroczysta eteryczna sylwetka zbudowana z migoczącej błękitnej i cyjanowej energii, jej kontury rozpadają się na pikselowate artefakty i poziome pasy zniekształceń jak hologram z usterką. Dwa jaśniejsze punkty w miejscu oczu świadczą o skupieniu — duch mapuje trasę dla kogoś, kto zapłacił za tę mapę. Za nim ciągnie się smuga drobnych bladoniebieskich iskier i rozpadających się fragmentów danych — ślad energetyczny, który zanika po chwili. W wyścigach Konsulat nie lubi duchów, bo nie da się ich dyskwalifikować — a renegaci odkryli, że zwiadowca, który przeszedł przez śmierć, nie boi się bramki pomiarowej.
105	Na zaśnieżonej uliczce Kamigawy łączącej tradycyjną japońską architekturę z cyberpunkowymi neonami antropomorficzny kitsune o śnieżnobiałym futrze wykonuje choreograficzny obrót w dopasowanym granatowym stroju ninja z elementami nowoczesnej zbroi. W dłoniach trzyma dwie zaawansowane technologicznie katany o jaskrawych energetycznych ostrzach, których smugi światła spiralnie owijają się wokół jego sylwetki tworząc fizyczny świetlny wicher. Z brukowanej ziemi u jego stóp unosi się kłąb gęstego białego dymu, w którym częściowo ukrywa się postać, a płatki padającego śniegu błyszczą w świetle neonów. W Erze Neonów stara dusza Kamigawy trzyma katanę, ale ostrze katany jest teraz plazmowe — tradycja zna się na aktualizacji oprogramowania.
106	Na słonecznej łące Lorwyn porośniętej bardzo wysoką zieloną trawą niski krępy kithkin o proporcjonalnie większej głowie i wielkich czujnych oczach tkwi w niskiej dynamicznej pozie gotowości. W dłoniach trzyma wycelowaną przed siebie długą smukłą włócznię cienką jak igła, a do skórzanego pasa ma przytroczony flakonik emanujący pulsującym białym światłem. Wokół jego postaci między grubymi źdźbłami trawy lata chmara małych świetlistych owadów — dowód, że nie przyszedł sam. W osadach kithkinów nie ufa się wielkości ciała, lecz sieci sąsiadów, a każda włócznia jest przedłużeniem wspólnego pola widzenia całej wioski.
107	Między dwoma masywnymi pniami na skraju wampirycznej posiadłości w Somberwald rozpina się ogromna sieć pająka wielkości konia — bestii o ciemnozielonym włosiu, kościstych odnóżach i skupisku małych zielonych oczu świecących cierpliwością. Wysoko w górnej części sieci tkwi uwięziona wielka skrzydlata istota owinięta kokonem nici, a na ziemi pod pająkiem leżą puste kokony i resztki wcześniejszych ofiar. W cieniu pnia stoi elegancka bladotwarza wampirzyca w płaszczu z wysokim kołnierzem, ostrożnie wyciągając z dolnych nici lśniący klejnot opadły z uwięzionej ofiary. W Stensii drapieżnicy zawarli między sobą cichą umowę — pająki łowią, wampiry zbierają, a nikt nie ma o nic pretensji.
108	W bujnym arboretum pośród zniszczonej inwazją Ravnicy w powietrzu nad drzewami szarpie się lazotepowy Wieczny Bolasa — skrzydlaty humanoid o złotawoniebieskiej twarzy i ciemnych rozpostartych skrzydłach. Z gałęzi, trawy i pnączy wystrzeliły właśnie w górę grube zielone pędy rosnące w nadnaturalnym tempie, oplatające jedno skrzydło kolczastą lianą i ciągnące latającego najeźdźcę nieubłaganie ku koronom. Na ziemi stoi drobna druidka w prostych zielonych szatach, bosa, dłonie uniesione ku niebu, oczy zamknięte w intensvm skupieniu — zaklęcie przyspieszonego wzrostu rzucane z rozpaczą, nie z doświadczenia. W Golgari uczy się, że ogród może być bronią — ale ta lekcja nigdy nie była tak dosłowna jak w chwili, gdy Bolas nad Ravnicą ściąga Wiecznych z nieba.
109	W porośniętych dżunglą ruinach Zendikaru pod kamiennym hedronem widocznym na horyzoncie potężnie zbudowany ludzki wojownik w ciężkiej zbroi stoi z odruchowo wyciągniętymi przed siebie otwartymi dłońmi. Tuż nad nim, w połowie niezwykle akrobatycznego skoku, chudy goblin w skórzanym rynsztunku wspinaczkowym przelatuje nad jego głową z szerokim uśmiechem. Opierając się jedną ręką o naramiennik wojownika jak o trampolinę, goblin drugą dłonią upuszcza w otwarte dłonie przeciwnika jarzącą się ciemną poświatą skradzioną czaszkę. Ekspedycje na Zendikar uczą, że największym zagrożeniem w ruinach nie są strażnicy — jest nim ktoś zwinniejszy, kto właśnie podrzucił ci to, czego sam nie chce nieść.
110	Na polu bitwy Dominarii w złotej godzinie zachodzącego słońca stoi zwykły ludzki piechur w zużytej kolczudze i skórzanym napierśniku, z prostym mieczem w dłoni — zmęczony, zakurzony, nie bohater. Z nieba pełnego ciepłego pomarańczowego światła zstępuje ku niemu eteryczna forma anioła Serry — rozpostarte skrzydła z piór czystego światła wyrastają jakby z jego pleców, ramiona anielskiej obecności oplatają jego ramiona, dłonie nakładają się na dłonie na rękojeści. Żołnierz unosi się kilka centymetrów nad ziemią, ale jeszcze tego nie zauważył — miecz w jego dłoni lśni złotawo, a zbroja wydaje się jaśniejsza niż była. Na Dominarii Serra nie przychodzi po generałów — przychodzi po tych, którzy stoją dalej, choć reszta już nie stoi.
111	Na wzgórzu porośniętym wyschłą fioletowoszarą trawą stoi Liliana Vess plecami do obserwatora, twarz zwrócona ku odległej opuszczonej posiadłości Vess rysującej się na tle bladego nieba. Z jej prawej dłoni unosi się ku górze bladofioletowa eteryczna smuga wspomnienia, które zachowuje dla siebie, spiralnie znikając w fałdach jej szat. Z lewej opada ku ziemi ciemniejsza smuga, wsiąkając w wyschłą trawę — coś oddane, złożone w grobie, pożegnane na zawsze. U podnóża wzgórza z ziemi wystaje pojedyncza złotawa rękawica pancerna pokryta patyną — ostatni ślad brata, Josu Vessa, któremu nekromantka daje jedyny dar, jaki może: wreszcie spokojny sen.
112	Z wysokich chmur burzowych nad Alarą, rozświetlonych wirującymi pasmami zielonej, białej i niebieskiej magii, w dół nurkuje zwarta formacja ptasich żołnierzy. Na pierwszym planie potężny wojownik z głową i skrzydłami orła o brązowo-złotym upierzeniu, w lśniącej zbroi w odcieniach bieli i złota, dzierży długą ozdobną włócznię z powiewającymi żółtymi wstęgami. Za nim kolejni żołnierze w formacji — wszyscy o dumnych skupionych spojrzeniach, dokładnie tak, jak przystoi zakonowi Bant. Tam, gdzie Esper, Bant i Naya zlały się w jeden świat, skrzydła biorą na siebie ciężar trzech tradycji jednocześnie — nikt nie leci osobno.
113	W ciasnym renegackim warsztacie w bocznej uliczce Ghirapuru stoi konstrukt spawalniczy z miedzi i mosiądzu, pokryty filigranowym kaladeskim ornamentem i świeżymi prowizorycznymi modyfikacjami — dolutowane dodatkowe płyty, kable biegnące na zewnątrz, drugi rdzeń aetherowy przyczepiony szorstko obok oryginalnego. Jedno ramię automatu kończy się palnikiem spawalniczym plującym intensywnym niebiesko-pomarańczowym płomieniem, skierowanym już nie w metalowe belki, lecz w wyłom w ścianie, za którym widać żołnierzy Konsulatu. Drugie ramię z przemysłowym chwytakiem wciąż trzyma niedokończony element, jakby zostało oderwane od pracy w połowie zadania. Na ścianie za konstruktem wyskrobany kredą symbol renegackiego ruchu — Ghirapur nauczyło się, że każde narzędzie jest bronią, jeśli dobrze je doładować.
114	W niskim ujęciu z perspektywy żabiej nad zastygłą taflą bagna unosi się mały humanoidalny chochlik o szarej pomarszczonej skórze, dwa krótkie zakrzywione rogi w kolorze kości słoniowej. Rozpięte skórzaste skrzydła nietoperza uchwycone są w półruchu, prawa noga wczepiona w porośniętą mchem spróchniałą kłodę, lewa zgięta w kolanie z pazurami skierowanymi w dół. Z prawej szponiastej dłoni wypada zwinięty rulon pergaminu przewiązany sznurem, opadając pionowo ku ciemnej tafli wody. W puszczy Drakwald mniejsi słudzy Chaosu nie wiedzą jeszcze, jak latać, ale wiedzą, że upuszczona depesza czasem znaczy tyle samo co dostarczona.
115	W planie półzbliżenia na wysokości oczu stoi zanurzona do pasa w wodzie humanoidalna syrena o bladoniebieskiej skórze z delikatną opalizacją. Twarz smukła o ostrych rysach, z trojgiem oczu — dwoje na zwykłej wysokości, trzecie pośrodku czoła — każde o pionowej źrenicy i świecącej bladofioletowej tęczówce. Ciemnoniebieskie pasma włosów przypominające wodorosty opadają na nagie ramiona, a smukłe dłonie z błoną pławną uniesione przed torsem wywołują drobne zniekształcenia powietrza i unoszą pojedyncze krople wody zawieszone w bezruchu. W jeziorach Mahakamu na Kontynencie syreny nie kuszą pięknem — kuszą trzecim okiem, bo jeśli patrzy na ciebie takie, zanim zdążysz zasnąć, już sen cię zabrał.
116	Na zrujnowanej brukowanej ulicy mrocznego miasta o zmierzchu trzech szczuroludzi częściowo owiniętych jest falującymi wstęgami ognia — niski przysadzisty po lewej z uniesionymi przed twarzą łapami, wysoki chudy w zardzewiałej kolczudze w centrum stojący w rozkroku, masywny mutant po prawej przykucnięty z ogniem oplatającym górne łapy i kark. Płomienie mają barwę od jaskrawej pomarańczy przy ciałach po bladoczerwoną na końcach wstęg, ich krawędzie ostre i postrzępione. Pod ich stopami pył i drobne kamyki unoszone podmuchem gorąca, w tle poszarpane na wpół zawalone kamienne ściany i zbutwiałe belki. Skaveni nie boją się ognia — boją się dopiero, gdy ogień zaczyna przypominać sobie ich imiona, co Kolegium Jasne doskonale umie sprowadzić.
117	W jasny jesienny dzień na farmie w prowincji Gavony na Innistradzie potężny parobek niesie na plecach dwa ogromne snopy siana związane grubym sznurem przerzuconym przez ramiona. Ma masywną klatkę piersiową i grube ramiona, bose stopy wbijają się głęboko w miękką glebę, gęsta rudawa broda, oczy przymrużone z cieniem zadowolenia z własnej siły. Na przedramionach i szyi ledwo widoczne drobne znaki — gęstsze niż normalnie owłosienie, żyły nieco zbyt wyraźne, paznokcie odrobinę za grube. Pod ścianą stodoły trzy pary porzuconych butów roboczych porośnięte mchem świadczą, że ktoś tu był przed nim — a pomyślność Gavony często polega na nieopowiadaniu, skąd się wzięli nowi pracownicy.
118	Ta sama farma w Gavony nocą pod pełnią księżyca — stodoła ta sama, murek ten sam, ale w srebrnym świetle wszystko wygląda inaczej. Na podwórzu stoi na czworakach wilkołak rodu Dire-strain, masywny niczym niedźwiedź z wilczą głową, rudawobrązowe futro w kolorze porannej brody parobka, na szyi przetarty rzemyk z amuletem. Bestia nie ucieka i nie czai się — stoi otwarcie, głowa uniesiona, żółte oczy spokojnie obserwujące okna domu, w których zza okiennic mruga drżące światło świecy i ledwo widoczny zarys przerażonej twarzy. Obok porzuconych przy stodole trzech par butów leżą czwarte, świeżo zrzucone, a ślady bosych stóp przechodzą płynnie w odciski wielkich pazurzastych łap — w Gavony wszyscy wiedzą, nikt nie mówi, a bestia wie, że nikt jej nie oskarży.
119	Podczas prestiżowego wyścigu Ghirapur Grand Prix na ulicach Kaladeshu zasady czystej rywalizacji szybko ustępują miejsca bezwzględnej walce o przetrwanie. Na ciasnym wirażu najeżony kolcami bolid zrzuca na tor podstępną pułapkę, która z potwornym zgrzytem wkręca się w filigranowe podwozie rywala. Pozbawiony sterowności złoty ścigacz w ułamku sekundy wzbija się w powietrze w morderczym piruecie, rozrzucając po nawierzchni kaskady eterowych iskier i połamane zębatki. Zgodnie z cyniczną maksymą Wintera, aplauz widowni zdobywa się elegancją, lecz ostateczne zwycięstwo przypada wyłącznie tym, którzy nie cofają się przed najbrudniejszym sabotażem.
120	Przez mglistą pustą dzicz Theros wędruje samotny centaur-nieumarły — Odrzucony — z ciałem o szarawo-popielatej skórze i matowym ciemnym futrem końskiej części, w szczątkach dawnej zbroi. Jego twarz zakrywa gładka pozłacana maska o pustych oczodołach — jedyny punkt jasności w ponurej sylwetce idącej wolno, z opuszczoną głową. Za nim, na szczycie niskiego wzgórza, ledwo widoczne są sylwetki żywych centaurów — jego dawny klan odchodzący w przeciwnym kierunku bez oglądania się. Przed nim w mgle rysuje się zarys ciemnych murów Asphodelu — miasta umarłych, jedynego miejsca, które przyjmie tego, komu Erebos pozwolił wrócić.
121	Na nadmorskiej świątyni Helioda na Theros — eleganckim kompleksie białych marmurowych kolumn na klifie — właśnie przelała się nadprzyrodzona fala zesłana przez Thassę. Woda spływa kaskadami po schodach i wypełnia dziedziniec po kostki, kamienny posąg gryfa zsuwa się z cokołu ku morzu, złotawa aura enchantmentu ochronnego migocze i gaśnie pod dotykiem słonej wody. Na tarasach akolici Helioda w przemoczonych białych szatach nie walczą z falą, lecz pragmatycznie zbierają z ołtarza mokre wodorosty i wyżymają ceremonialne tuniki — to nie pierwszy raz. W oddali, daleko w morzu, ledwo dostrzegalny cień ogromnej postaci pod powierzchnią oddala się po wykonaniu swojego gestu pogardy — Thassa znów splunęła na Helioda, a świątynia znów sprzątnie po niej.
122	Na kamiennym murze wiejskiej chaty na Innistradzie w żelaznym uchwytcie tkwi pochodnia — gruby okorowany kij, górna część owinięta płótnem nasączonym smołą, płonąca intensywnym ciepłym pomarańczowozłotym płomieniem. Na ostrzu pod płonącą główką wyryte są drobne ludowe amulety wiary, na ścianie obok przybity pęczek suszonego czosnku i tymianku. W kręgu światła pochodni leży druga pochodnia — zgaszona, porzucona, wypalona — ta, którą ktoś rzucił w ciemność minionej nocy, aby ocalić siebie. Tuż poza zasięgiem blasku na kamieniu widać ślady pazurów, a na bruku cień postaci, której tam fizycznie nie ma — na Innistradzie pochodnia nie oświetla świata, tylko odsuwa go o jeszcze jedną noc.
123	Na skalistym podwyższeniu przy utwardzonym trakcie handlowym Tarkiru stoi dumnie ainok z klanu Abzan — psi wojownik o piaskowozłotym futrze, w lekkim ozdobnym hełmie ze złotego metalu z małym pióropuszem. W prawej łapie dzierży długą włócznię eskortową z zielonym proporcem klanu, lewa spoczywa na sakwie z dokumentami i mapami tras. Niżej na trakcie widać karawanę — woły ciągnące załadowane wozy, obok kupcy w podróżnych szatach, drugi ainok-strażnik zamyka kolumnę. Abzańskie szlaki handlowe słyną z bezpieczeństwa, a ten znak rozpoznawczy pod grotem włóczni mówi rozbójnikom to samo, co napis na granicy cywilizowanej prowincji: dalej idzie się już na własną odpowiedzialność.
124	Na brukowanym placu pośród ravnickich ostrołukowych budynków stoi młoda ludzka kobieta o krótkich potarganych włosach i twarzy pokrytej smugami błota. Ubrana w skórzany pancerz z wytartym symbolem gildii Selesnya, w prawej dłoni trzyma zakrzywiony jednosieczny miecz oparty ostrzem o ziemię. Wokół jej lewego przedramienia oplątują się świecące szmaragdowe wici energii układające się w koncentryczne okręgi, a te same wici rozchodzą się po bruku ku dwóm innym postaciom w tle — przysadzisty brodacz z toporem po lewej, smukły elf z łukiem po prawej — obojgu oplecionym przez ten sam pulsujący zielony kontur. Przez szczelinę w ciężkich burzowych chmurach spada na nią pojedynczy promień światła, a drobne kamyki wokół jej stóp unoszą się na kilka centymetrów w górę — w Selesnyi odwaga jednego staje się natychmiast siłą wszystkich.
125	W spowitych nocnym chłodem Dolinach Anduiny w pobliżu samotnej skały Carrock niedźwiedzie z całego regionu gromadzą się na niezwykłe zgromadzenie. Pod osłoną ciemności leśne drapieżniki zbierają się wokół drewnianej siedziby Beorna, by w blasku pełni księżyca oddawać się pradawnemu, rytmicznemu tańcowi. Nawet z pozoru zwyczajny niedźwiedź nabiera w tym mistycznym kręgu niezwykłego majestatu i pierwotnej krzepy. Obserwujący to zjawisko z ukrycia czarodziej Gandalf doskonale wie, że w sercu dzikiego Śródziemia natura wciąż skrywa tajemnice niedostępne dla oczu większości śmiertelników.
126	Na skraju niebezpiecznej Dziczy na planie Eldraine samotna łuczniczka wiedzie z pozoru spokojne życie pośród leśnych stworzeń. W ciepłych promieniach porannego słońca kobieta karmi dzikie ptaki z dłoni, podziwiając ich zwinność i lekkość podniebnego lotu. Choć jej bystre oko i długi łuk czynią z niej niezrównaną strażniczkę leśnej polany, pod ludzką powłoką kryje się uśpiona klątwa wilkołaka. Gdy dzień dobiegnie końca, a mrok spowije baśniową puszczę, łagodna miłośniczka natury ulegnie zewowi bestii, zamieniając zachwyt w drapieżny szał nocnych łowów.
127	Gdy pełnia księżyca wschodzi ponad prastarym lasem Dziczy na planie Eldraine, dawna łagodność ustępuje miejsca drapieżnemu obłędowi. Spowita w strzępy myśliwskiego kaftana bestia z potężną siłą wybija się w nocne niebo, polując na wszystko, co odważy się wzbić w powietrze. Jej ostre jak brzytwa szpony z niszczycielską furią rozcinają skrzydła przelatujących nad koronami drzew leśnych wróżek, obracając ich podniebny dar w kaskadę świecącego pyłu. Za dnia podziwiająca wolność ptaków kobieta staje się w mroku bezwzględną pogromczynią przestworzy, nie pozwalając żadnej skrzydlatej istocie naruszyć ciszy swego terytorium.
128	Na mglistym starym cmentarzu pod bezksiężycowym niebem prastare kamienne nagrobki porośnięte mchem i bluszczem oświetla zimna fioletowa poświata bijąca z rozkopanej ziemi. Z płytkiego wilgotnego zagłębienia unosi się smukła humanoidalna postać owinięta w postrzępiony ziemisty całun, skóra w barwie wyblakłej gliny, puste oczodoły wypełnione nikłym fioletowym blaskiem. Obok niej z tej samej jamy wyłaniają się dwie dodatkowe pary kościstych dłoni zaciśniętych na krawędzi dołu. W głębi kadru, za zasłoną mgły, stoi Liliana Vess z jedną ręką wzniesioną ku górze — źródło nadprzyrodzonego blasku, który wywołuje z dominariańskiej ziemi każdego, kto kiedykolwiek w niej spoczął.
129	
130	
131	
132	Wysoko nad dzikim krajobrazem Zendikaru leci niewielki thopter-zwiadowca zbudowany jak mechaniczne oko pielgrzyma — okrągła obręcz z ciemnego metalu z dużą jasnoniebieską soczewką w środku, świecącą chłodnym światłem. Z boków wychodzą dwa szerokie skrzydła-żagle z łatanego płótna i skóry, a do jednego z żeber przywiązane są drobne wstążki i koraliki-talizmany. Z oka schodzi wąski promień skanujący, który rysuje na ziemi koncentryczne kręgi światła niczym mapa nakładana na teren — pod maszyną widać czerwone kaniony, ośnieżone góry, zieloną dolinę i lewitujące hedrony zawieszone pod nierealnymi kątami. Na dalekim klifie drobny obóz wędrowców z latarnią sygnałową czeka — w Zendikarze ekspedycje poruszają się nie za przewodnikiem, lecz za latającym okiem, które pamięta drogę do każdego campu.
133	Nad wzburzonymi turkusowymi wodami Morza Syren, u wybrzeży Theros, z głębi eksploduje potężny rozbryzg — masywny hippokamp wynurza się gwałtownie, przednia część ciała przypomina muskularnego białego konia o mokrej lśniącej sierści i rozwianej grzywie z wodorostów. Tylna część przechodzi w długi skręcony ogon rybi pokryty opalizującą szafirowo-zieloną łuską, uderzający w wodę i tworzący kaskadę kropel. Z nozdrzy stworzenia wydobywa się mgiełka, a przednie kopyta unoszą się nad falami. W oddali, na horyzoncie, majaczy sylwetka greckiego miasta-państwa z kolumnadami i posągiem bóstwa na przylądku — na Theros Thassa nie posyła wierzchowców każdemu, a kto widzi, jak wynurza się z fal, widział coś, co zwykle nie wypływa dla śmiertelników.
134	
135	
136	W jaskini Split-Eye Coven na fragmencie Grixis stoi wiedźma — wychudzona stara kobieta o szarawej skórze i głęboko osadzonych oczach z podwójnymi źrenicami sabatu. Przed nią, na niskim kamiennym ołtarzu, narysowany popiołem i pyłem kostnym krąg rytualny pulsuje chorobliwym światłem. Z jej lewej dłoni opada w krąg bladofioletowa smuga vis — życiowej energii czegoś, co właśnie zostało oddane — a z prawej wystrzelają ku górze ostre białe kościane odłamki, wirujące nad jej głową jako gotowe do wystrzelenia pociski. Na Grixis, gdzie energia życiowa jest najrzadszym zasobem, wiedźmy Split-Eye Coven wiedzą jedno: aby pozbawić wroga ciała, najpierw trzeba zużyć własny zapas czyjegoś życia.
137	Na ravnickim bruku stoi ciężko opancerzony wojownik w stalowej zbroi ze złotymi okuciami, twardo oparty na nogach, trzymając oburącz wielką wieżową tarczę z wytłoczonym płonącym słońcem. Przed tarczą unosi się jaskrawa żółto-pomarańczowa aura ognia, która łagodnie opływa krawędzie pancerza i rozprasza się, nie sięgając ciała. Wzdłuż brzegu tarczy pulsują świecące złote runy, a wokół postaci unoszą się gęsty dym i świetliste iskry. W gildii Boros albo na pograniczu z nią tarcza wieżowa to nie tylko kawał metalu — to potwierdzenie, że wiara i stal potrafią wspólnie stanąć w ogniu, z którego nikt inny by nie wyszedł.
138	
139	
140	Na placu treningowym koszar Sunhome Boros stoi doświadczona wojowniczka w lśniącej złotawej zbroi ze szkarłatnym płaszczem-peleryną, miecz uniesiony wysoko, lewa dłoń na biodrze w nonszalanckiej postawie. Przed nią trzy młodsze rekrutki gildii — jedna podnosi się z ziemi, otrzepując pył, druga masuje nadgarstek, trzecia wciąż kończy wypad, ale challengerka nawet na nią nie patrzy. Na kamieniach placu wirują jesienne liście w kolorystyce pomarańczy, złota i czerwieni, a na kolumnach siedzą inni legioniści obserwujący starcie z rozbawieniem. W Boros mentorstwo jest darem dla silniejszych — każde przegrane starcie z wyzywającą mistrzynią sprawia, że rekrutka następnego dnia staje silniejsza na nogach niż dzień wcześniej.
141	
142	
143	Na zielonej równinie pod lewitującymi skałami Zendikaru, pośród miasta Kabira, siedzi na grzbiecie rogato-pancernego wierzchowca dojrzały ludzki rycerz o ogorzałej twarzy i krótko przystrzyżonych siwiejących włosach. Dzierży długą włócznię z białym proporcem Kabiry, a jego postawa jest naturalnie wyprostowana, nie pozerska — po prostu jest tym, kim jest. Za nim, na równinie poniżej, rozciąga się armia zwykłych obrońców — milicja, ochotnicy, ludzie z mieczami i tarczami — a subtelna biała aura przywództwa rozchodzi się od niego falami, obejmując kolejne kręgi wojowników i zmieniając ich w coś więcej niż byli rano. Na horyzoncie białe mury miasta, a wszystko to — milicja, aura, mury — broni jednego człowieka, który już wie, że jednostka w Zendikarze znaczy mniej niż okrąg, w którym stoi.
144	
145	
146	W mrocznym luksusowym wnętrzu pałacu Silumgara na rzeźbionej jadeitowej żerdzi siedzi kruczoczarny ptak o upierzeniu połyskującym granatowym i fioletowym odcieniem. Jego lewe oko jest naturalne i czujne z bursztynową tęczówką, prawe zastąpione misternym mechanicznym implantem — małą złotą soczewką w filigranowej oprawie z onyksu, z której sączy się nikła fioletowa poświata. W głębi komnaty, między ciężkimi haftowanymi draperiami i dymem kadzidła, majaczy smukła sylwetka Sidisi — wezyrki Silumgara obserwującej w milczeniu. Na Tarkirze każdy pałacowy pupilek jest jednocześnie szpiegiem, a ten konkretny ma ucho pani, która nie zapomina nic, co widzi jego trzecia soczewka.
147	
148	
149	
150	Nad zieloną nadmorską doliną wyspy Balamb wznosi się monumentalna akademia SeeD — kolosalna wielopoziomowa konstrukcja o centralnej okrągłej wieży w kształcie bączka, zwieńczonej złotym świecącym pierścieniem-halo. Jasne błękity, białe panele i turkusowe przeszklenia nadają elewacjom estetykę science-fantasy lat dziewięćdziesiątych, a szerokie tarasy, ogrody i fontanny sugerują luksusowy kampus uniwersytecki. Na ścieżkach kampusu drobne sylwetki kadetów w mundurach — grupy idące między budynkami z bronią treningową i książkami. Piękna akademia widziana z daleka kryje w sobie zdolność do transformacji, której nie podejrzewa nikt, kto ogląda ją pierwszy raz z doliny Balambu.
151	
152	
153	Ta sama akademia SeeD, ale tym razem w powietrzu — Balamb Garden w trybie bojowym, ciemniejszy i groźniejszy niż na ziemi, przechylony lekko do przodu w kierunku lotu. Pod spodem konstrukcji odsłonięte ukryte systemy napędowe emitują skoncentrowane turkusowozielone światło ku dołowi, tworząc wirujący wir powietrzny, który odgina trawę, drzewa i wodę poniżej. Na ziemi pozostało wielkie okrągłe wgłębienie — miejsce, z którego Garden oderwał się od fundamentu, a za fortecą ciągnie się smuga skondensowanej pary i turkusowych iskier energii. Jeden kadet przy konsoli wystarczył, by podnieść w powietrze całą szkołę, a Squall i jego drużyna już wiedzą, że od tego momentu ich szkoła jest też ich okrętem wojennym.
154	
155	
156	
157	
158	
159	Thraben, zmierzch po powrocie Avacyn. Na krawędzi dachu z czerwonej dachówki czai się łowczyni Stromkirków – blada, z bursztynowymi oczami, kłami i kasztanowym warkoczem spod odsuniętego hełmu, w czarnej zbroi z nietoperzem. Napina mięśnie, prawa dłoń ściska drewniany hak, lewa wspiera się o rynnę, a wokół niej snuje się ciemna mgła. To gambit, nie głód: jeden skok w dół, w kontraście ciepłego zachodu i zimnego księżyca, pod okiem witraży katedry, by udowodnić że cień wciąż poluje gdy miasto jest puste.
160	
161	
162	
163	Na drewnianej belce bramy cmentarnej Innistradu wisi dzwon nekromanty — odlany z ciemnego patynowanego brązu o zielonkawym nalocie, o kształcie odwróconej ludzkiej czaszki z rogami kozła. Z pustych oczodołów i rozwartej szczęki snuje się bladoszara mgła, opadająca leniwie ku dołowi i gęstniejąca przy gruncie — wsiąka między nagrobki i w ziemię. Pod dzwonem trawa jest martwa, wypalona samą obecnością artefaktu, a dalej za bramą, między omszałymi nagrobkami, coś się porusza w cieniu. W Nephalii ghoulcaller nie musi uderzać w dzwon, żeby wezwać umarłych — wystarczy, że dzwon istnieje, a jego cichy brązowy oddech powoli rozkłada granicę między tymi, którzy leżą, a tymi, którzy jeszcze nie.
164	
165	
166	Na skraju mrocznego bajkowego lasu Eldraine unosi się w powietrzu posłanniczka Łaskawego Pana Taliona — wysoka smukła wróżka-arystokratka o bladobłękitnej skórze i świecących turkusowych oczach bez źrenic. Z głowy wyrasta rogata korona z ciemnego metalu z turkusowymi klejnotami, a przezroczyste owadzie skrzydła trzepoczą w niesłyszalnym rytmie. W jednej dłoni trzyma laskę heraldyczną ze świecącym kryształem, w drugiej lśniący zwój z pieczęcią dworu — zaproszenie, które nie jest prośbą. Za jej plecami otwiera się prześwit na krainę wróżek z kryształowymi wieżyczkami i fosforyzującymi grzybami — na Eldraine Talion nie wysyła pierwszej odmowy, tylko drugą, i druga zawsze polega na tym, że posłaniec wraca sam.
167	
168	W głębi Rdzenia Mirrodina Rhmir, Ręka Wieszcza, staje między stołami Płomiennej Huty, gdzie mirrańscy kowale składali myry z Białego Słońca. Po jego lewej niedokończony strażnik rozpada się w błękitny pył, a stalowe płyty opadają na posadzkę, nim zdążą przyjąć iskrę życia. Po prawej drugi myr, już ożywiony, unosi się w strumieniu jasnej energii i dryfuje z powrotem ku dłoni swego twórcy z Lumengrid. Rhmir rozchyla palce pokryte czarnym olejem i szeptem przypomina braciom, że ich stal jest przestarzała i tylko Wielkie Dzieło oferuje doskonałość.
169	Na omszałym kamiennym nawisie na skraju pradawnego lasu — może Fangorn, może Mroczna Puszcza — stoi elfka-zwiadowczyni o ciemnej oliwkowej skórze, krótkich ciemnych włosach zaczesanych do tyłu, spiczastych uszach i intensywnie wpatrzonych złotozielonych oczach. Ubrana w lekką organiczną zbroję z formowanej kory z żywymi liśćmi wrastającymi w materiał, na biodrze krótki zakrzywiony miecz w pochwie z kory — dłoń spoczywa na rękojeści w odległości jednego oddechu od wyciągnięcia. Stoi otwarcie, nie czai się — ten las jest jej, a ona decyduje, kto wchodzi dalej. Na kamieniu pod jej stopami wyryte są proste elfie symbole graniczne — w Śródziemiu las nie pilnuje się zaklęciami, tylko wzrokiem, którego nie da się oszukać.
170	
171	Na drodze tuż za ostatnimi domami innistradzkiego miasteczka stoi czterech wędrownych łowców widzianych z perspektywy mieszkańca wyglądającego przez okno. Na przedzie barczysty mężczyzna w zużytym skórzanym kaftanie i spłowiałym kapeluszu z szerokim rondem, obok ciemnoskóry łowca z kuszą na plecach, za nimi kobieta w znoszonych skórach z nożem u pasa i starszy chudy mężczyzna oparty o sękaty kij. Wszyscy czworo mają subtelne cechy, które mogłyby niepokoić uważnego obserwatora — nieco za gęste brwi, paznokcie za długie, zęby za ostre w uśmiechu, ruchy zbyt płynne. Drzwi domów są zamknięte, okiennice przymknięte, na parapecie stoi świeca — w Kessig wszyscy wiedzą, że tej grupy nie wpuszcza się pod dach, bo rano przy stodole byłyby kolejne porzucone buty.
172	We wnętrzu małej podziemnej kaplicy na kontynencie Otaria, przy prostym drewnianym stole w świetle starych świec, siedzi zombie — wychudzona powolna istota o szarawej wysuszonej skórze szczelnie owiniętej pożółkłymi bandażami nasączonymi ziołowymi maściami. Jego zamglone oczy nie mają głodu ani agresji, tylko cichy smutek i echo dawnego skupienia, a zabandażowane dłonie z niezwykłą precyzją zanurzają pasek płótna w glinianej misie z ciepłym wywarem i składają go na stosiku już gotowych opatrunków. Na ścianie nad niszą ze świecami wyblakły symbol białego słońca wyrysowany kredą, pod nim mała półka z jedną skórzaną książką, której zombie nigdy nie przesunął. Obok stołu koszyk z gotowymi bandażami czeka na pacjentów, którzy nie przyjdą — uzdrowiciel Otarii umarł, ale jego ręce pamiętają każdy ruch, którego nauczyły się za życia.
173	Na wąskiej zaśnieżonej grani górskiej Tarkiru stoi wojownik klanu Temur w ciężkim futrzanym okryciu z niedźwiedziej skóry, kaptur z niedźwiedzią czaszką na głowie, bojowe tatuaże spiralne na policzkach. Oczy szeroko otwarte, źrenice rozszerzone, głowa odrzucona w niskim dudniącym ryku, a z jego pleców i ramion wybucha szmaragdowozielona emanacja formująca się w półprzezroczystą sylwetkę niedźwiedzia wznoszącego się nad nim jak duch opiekuńczy. Wokół jego stóp śnieg topnieje od energii transu, odsłaniając ciepłą parującą ziemię, a na sąsiednim szczycie stoi nieruchomo prawdziwy fizyczny niedźwiedź obserwujący scenę. Temur wierzy, że niedźwiedź i człowiek to dwie strony tej samej duszy — w tym momencie szamańskiego transu granica między nimi znika, a siła natury przepływa przez śmiertelne ciało jak rzeka przez wąwóz.
174	
175	U stóp Płaskowyżu Chaosu na Wybrzeżu Mieczy barbarzynka z plemienia Uthgardt wbija topór w próg pierwszej z Jaskiń Chaosu. Za nią w półmroku korytarza czekają towarzysz z Baldur's Gate z latarnią i krasnolud z tarczą, lecz to ona pierwsza przekracza runiczny krąg. Gdy jej ostrze uderza w strażnika jaskini, pęka ściana z ametystów i z ukrytej skrytki wypada zwinięty zwój zaklęcia oraz sakwa z monetami. Na jej ramieniu lśni wypalony znak ukończonego Lochu Szalonego Maga, więc znalezisko rozwija się samo, jakby loch oddawał dług śmiałkom.
176	
177	Na pokładzie pirackiego galeonu Dire Fleet w nocy na Ixalan stoi masywny ork-pirat-czarnoksiężnik o szaroskórej łysej głowie i chorobliwie zielonych oczach, głowa odrzucona w triumfalnym ryku. Z jego uniesionych zaciśniętych pięści wydobywają się kłęby zielonkawoczarnego dymu snującego się wokół ramion niczym żywe węże — aura rozkładu, która postarza wszystko, czego dotknie. Gwoździe rdzewieją, liny siwieją, żagle pokrywają się pleśnią, a pozostali piraci Dire Fleet — orki, ludzie, gobliny — cofają się od niego kaszląc i zasłaniając twarze. W Dire Fleet sojusznicy nie są bezpieczniejsi od wrogów, bo aura rozkładu tego pirata nie zna różnicy — płaci się zaletą bycia zbyt blisko i zaletą bycia zbyt daleko jednocześnie.
178	
179	W chaotycznym gabinecie maga-bibliotekarza rudowłosy mężczyzna w pomiętej ciemnoniebieskiej szacie z poplamionymi atramentem rękawami trzyma otwartą grubą księgę indeksową — strony pełne drobnego pisma i tabelek, z kartkami wypadającymi w powietrze. Na nosie przekrzywione okulary z jedną grubą soczewką powiększającą jedno oko do absurdalnych rozmiarów, a z księgi wyskakują drobne błękitne błyskawice przeskakujące między stronami. Drugą ręką próbuje przytrzymać spadający stos mniejszych tomów i zwojów balansujących na krawędzi biurka — wokół niego kolegium w stanie twórczego chaosu, a w powietrzu unoszą się świecące niebieskie litery czekające na uporządkowanie. W bibliotekach Altdorfu uczony nie zawsze kontroluje własną wiedzę, ale jedno jest pewne — ten mag wie gdzieś, co wie, tylko akurat w tej chwili nie do końca gdzie.
180	W ciemnej gotyckiej uliczce innistradzkiego miasteczka, w świetle gasnącej latarni gazowej, stoi w dynamicznej pozie przygarbiona masywna postać przemienionego mężczyzny. Jego muskulatura napięta nienaturalnie pod szarawą skórą, twarz wykrzywiona wysiłkiem przemiany, na ciele wiszą postrzępione resztki eleganckiej odzieży uczonego — pęknięta kamizelka, rozciągnięta koszula. Wokół na bruku potłuczone szkło laboratoryjne, rozsypane strony dziennika, przewrócone krzesło i drewniany stół — ślady właśnie wypadłe z otwartego okna kamienicy. U jego stopy leży mały medalion z miniaturowym portretem — jedyny ślad dawnej, spokojnej tożsamości, do której wróci o świcie, jeśli noc pozwoli mu dożyć do pierwszego piania.
181	W gotyckiej kaplicy o kamiennych łukowatych sklepieniach, gdzie przez wąskie witraże wpada bladoniebieskie światło księżyca, na posadzce siedzi nieruchomo samotna postać w podróżnym płaszczu pogrążona w głębokim magicznym śnie. Wokół niej unosi się piękna rozbudowana struktura z półprzezroczystych eterycznych nici — delikatna klatka utkana z bladobłękitnego światła, przypominająca kryształową kopułę lub rozłożystą pajęczynę ze szronu. W strukturze migoczą rozmyte oblicza duchowych strażników o zamkniętych oczach, jakby sami byli pogrążeni w wiecznym śnie. Na posadzce wokół klatki lśnią wpisane w kamień runiczne wzory — w Gavony Avacyn strzeże niektórych nie mieczem, lecz snem, z którego nie sposób obudzić się o własnych siłach.
182	W bujnym pagórkowatym krajobrazie Lorwyn, w dolinie między zaokrąglonymi wzgórzami porośniętymi soczystą trawą i kępami starych dębów, stoi garść małych drewnianych domków z trzcinowymi dachami — osada drobnych istot. W powietrzu lecą ogromne, płaskie kamienne płyty, każda wielkości całego domostwa, obrócone pod kątem i oświetlone złotopomarańczowym światłem zachodu. Na szczycie najdalszego wzgórza, za koroną drzewa, widać dolne partie sylwetki olbrzyma — dwie masywne kolumnowe nogi w skórzanych wiązaniach, reszta postaci ginie ponad górną krawędzią kadru. W Lorwyn nikt nie musi widzieć całego Giganta — wystarczą jego stopy i grad płyt, by osada wiedziała, że dziś wieczorem dachy będą spały bez dachów.
183	Pośród ruin monumentalnego pustynnego miasta o egipskiej architekturze, pochłanianego przez bujną tropikalną roślinność, przeciska się kolosalny wurm — wężowata beznoga gadzina o długości kilkudziesięciu metrów. Jego masywne ciało pokryte grubymi łuskami w odcieniach soczystej zieleni, morskiego błękitu i oliwkowego brązu, szeroka płaska głowa zakończona tępym pyskiem pełnym drobnych stożkowatych zębów. Na grzbiecie wurma rosną już paprocie i porosty — sam stał się częścią ekosystemu, który zjada miasto. Między korzeniami leżą hieroglificzne tablice i odłamki złoconych ozdób — w czasach po Wędrówce Bogów Amonkhet jest pustynią, która nauczyła się, że w głębi piasków zawsze było zakopane coś większego niż Hazoret.
184	Na leśnej polanie dominariańskiej puszczy stoi monumentalny kamienny ołtarz z szarego granitu wsparty na trzech głazach, powierzchnia pokryta wyżłobionymi runami częściowo zatartymi przez czas i zadrapanymi śladami wielkich pazurów. Z pęknięć wyrastają paprocie i mchy, a po bokach pną się korzenie, jakby las chciał pochłonąć ten monument; wokół ołtarza kości zwierząt, zbutwiałe drewno i gruba warstwa próchnicy. Za ołtarzem, w głębi kadru, nieruchoma ogromna sylwetka pokryta mchem — bestia zbudowana ze splątanych korzeni, kości, gnijącego drewna i ziemi, ledwo rozróżnialna w otoczeniu, z parą żarzących się zielonkawych punktów w miejscu oczu. Na Dominarii niektóre ołtarze nie potrzebują kapłana — las, który zasila je przez wieki, wie, kiedy zgromadzona ofiara jest już wystarczająca, by ulepić z niej coś, co jeszcze nie miało nazwy.
185	Na słonecznym dziedzińcu warownego miasta o piaskowcowych murach zwieńczonych miedzianymi kopułami stoi młody żołnierz o śniadej karnacji i ciemnych włosach w postawie spokojnej przysięgi. Ubrany w lekki stalowy napierśnik nałożony na turkusową tunikę, segmentowe naramienniki, otwarty hełm z szerokim rondem i czerwonym pióropuszem; u boku miecz w pochwie, w lewej dłoni owalna tarcza z herbem złotej korony na niebieskim polu. Prawą dłoń trzyma na piersi w geście ślubowania, twarz młoda i szczera, a za nim na dziedzińcu widać innych wojowników w podobnym umundurowaniu, stojaki z włóczniami i beczki zaopatrzenia. W Alabornie służba nie potrzebuje patosu — zwykli ludzie wypełniają przysięgę tak samo w poniedziałek, jak w dzień wielkiej bitwy, a korona na ich tarczy znaczy tylko tyle, że ktoś już raz ufał, że staną.
186	W przestronnym jasnym warsztacie-laboratorium Ghirapur o indyjskim art déco, pod okrągłymi witrażowymi świetlikami, stoi elegancki mechaniczny humanoid z polerowanego złotego i miedzianego metalu. Jego ciało zbudowane z precyzyjnie dopasowanych płyt i obracających się zębatek, a wydłużona głowa bez wyraźnych rysów ma parę świecących błękitnych soczewek w miejscu oczu. Między rozłożonymi palcami lewej dłoni unosi się świecąca półprzezroczysta projekcja trójwymiarowego schematu małego mechanicznego stworzenia, a prawa wskazuje na stół obok, gdzie leży już gotowa identyczna kopia ze świeżo dymiącymi złączami. Na Kaladesh konstrukty budują konstrukty — to, co jest duplikatem, jutro będzie wzorcem dla kolejnego, a wynalazcy ludzie zostają tylko po to, by doglądać kolejności.
187	Na skraju najspokojniejszych pól Eldraine, gdzie Dolina Serc spotyka się z krainą Dzikich Mórz Traw, stoi skromny dworek, który pamięta więcej rycerskich przysiąg niż niejedna sala tronowa. To właśnie w cieniu tego prastarego dębu młode dusze po raz pierwszy chwytają za drewniany miecz i śnią o odnalezieniu zaczarowanego Kielicha Dworu. Zanim kurz wielkich dróg osiada na płaszczu wędrowca, nim elficki łowca z Łęgów wypatrzy swą pierwszą zdobycz, a Rycerz wędrujący z Locthwain napotka swój cień, każda opowieść zaczyna się od zapachu świeżo wypieczonego chleba i widoku takiego właśnie beztroskiego schronienia. To tutaj nierozerwalna nić przeznaczenia wplata się w zwyczajność, a ślady na piaszczystej ścieżce są pierwszym zdaniem w księdze nowej baśni.
188	W kamiennej komnacie wieży magicznej akademii, przez wąskie witrażowe okno o świcie, wpada chłodne rozproszone światło. Młody człowiek w prostej niebieskiej szacie ucznia, przepasanej sznurowym pasem, z krótkimi ciemnymi włosami i intensywnie skupioną twarzą, stoi nad narysowanym kredą krzywym kręgiem rytuału i między rozłożonymi palcami formuje kulę czystej bezbarwnej energii wielkości jabłka. Na czole kropelki potu zdradzają wysiłek, a najbliższe strony otwartych ksiąg trzepoczą od magicznego podmuchu; w rogu komnaty wisi pożyczony, zbyt duży płaszcz starszego maga pokryty runami. W akademii w Ban Ard pierwszy samodzielny Krąg Mocy nie wygląda imponująco — wygląda jak chłopak z potem na czole, który uczy się, że bezbarwna kula to więcej niż dumna pieśń maga z podręcznika.
189	W warsztacie pod kopułą Ghirapur krasnolud z cechu Błysk-Rękawów pochyla się nad stołem z aetherowym rdzeniem. Jego prawy rękaw z miedzi i szkła lśni błękitem, gdy dokręca śrubę kluczem, a iskry tańczą po inskrypcjach. Na dłoni lewej balansuje mały serwomechanizm z mosiądzu, z jednym okiem-soczewką, gotowy do pierwszego kroku. Nad stołem wisi szyld z hasłem cechu, że ma świecić jasno i trzymać śruby mocno, bo na Kaladeshu piękno jest dowodem sprawności.
190	Na skraju Goldmeadow, pod białymi kwiatami kithkinów, stoi kamienny kopczyk z laską wędrowca wbitą w ziemię. Z kopczyka unosi się ciepła poświata, w której majaczy postać nomada, który zerwał nić thoughtweft, by słuchać obcych opowieści. Z tej poświaty wyłania się młody kithkin w zielono-białej tunice, z dłonią wyciągniętą po opowieść, jakby samo wspomnienie przybrało ciało. Wokół ogniska siedzą mieszkańcy clachanu i powtarzają jego historie, a pustka, którą czuł po odejściu, wypełnia się każdym nowym głosem.
191	Wysoko nad krawędzią wulkanicznego klifu, gdzie Jund spotyka chłodne niebo Esper, unosi się smukła postać vedalkena — humanoidalnej istoty o niebieskiej gładkiej skórze i spokojnych oczach bez źrenic świecących wewnętrznym blaskiem. Ubrany w powłóczyste szaty w odcieniach kości słoniowej i bladego złota, z przedramionami i obojczykami częściowo zastąpionymi filigranowymi panelami z polerowanego eteriumu. W dłoni, której palce przechodzą ze skóry w metaliczne grawerowane końcówki, trzyma długi wąski miecz z tego samego jasnego metalu, wokół którego wiruje skondensowana para i elektryczne iskry. Na styku Esperu i Jundu vedalkeni nauczyli się korzystać z surowego żywiołu obcego świata — termiczne prądy wulkanów są dla nich tym, czym dla Jundyjczyków jest głód.
192	
193	Na skalistym brzegu rzeki Pontaru w deszczowy mglisty poranek stoi na płaskim kamieniu pies gończy o wydłużonym pysku i długich zwisających uszach, w postawie węszącego ogara. Całe jego ciało uformowane jest z przejrzystej płynącej wody — przez przezroczysty tułów widać zarys kamieni za nim, z uszu i ogona okapują krople spływające z powrotem do rzeki. Nos wodnego ogara skierowany jest ku małemu świecącemu przedmiotowi między kamieniami — szklanej soczewce emitującej bladoniebieską poświatę, odnalezionemu tropowi. Na Wielkiej Wyspie albo na Kontynencie niektóre wiedźmy potrafią wezwać sługi, które nigdy nie zgubią śladu i nie zmęczą się — woda ma dobrą pamięć, a ta, która pamięta zapach, pamięta go aż do ujścia.
194	
195	Na niewielkim wzniesieniu pośród śródziemnomorskiej doliny z oliwkami i cyprysami stoi marmurowy głaz, na którym spoczywa piękna lira — instrument o ramie z lśniącego złotego metalu zakończonym dwoma spiralnymi zawijasami. Między ramionami naciągnięte są srebrzyste struny przypominające pasma świetlistej przędzy, wibrujące same z siebie bez dotyku, a w powietrzu unoszą się drobne złociste pyłki. U podnóża głazu pogrążony w głębokim śnie leży młody satyr z ręką wyciągniętą ku instrumentowi, obok niego porzucony drewniany flet; pod drzewem w tle siedzi kobieta w lnianej tunice, również w transie, z łagodnym uśmiechem. Na Theros niektórzy bogowie pozostawiają relikwie zamiast posłańców — ta lira gra do tego, kto się zatrzyma, a zatrzymuje się każdy, kto jej posłucha dłużej niż przez pół pieśni.
196	
197	W głębi mrocznego podmokłego lasu Drakwald rozciąga się stojąca zatoka otoczona starymi powykrzywianymi drzewami, ich korzenie zanurzone w ciemnej wodzie jak palce. Powierzchnia wody nieruchoma i lustrzanie gładka odbija sylwetki drzew, na niej unoszą się kępy mchu, opadłe liście i szarawa rzęsa, a między korzeniami zwisa gęsta kurtyna mchu i liszajów. Za pniami widoczne są ruiny kamiennej świątyni o azjatyckich rysach z płaskorzeźbą wijącego się węża, zarośnięte pnączami i wpółzatopione — na jednym z kamieni siedzi nieruchomo wielka czapla wpatrzona w wodę. W Imperium nie wszystkie świątynie zostały porzucone przez ludzi — niektóre zostały wchłonięte przez bagno, które pamięta więcej niż te, które je wzniosły.
198	
199	Na skraju skażonego bagna pod ciężkim fioletowoszarym niebem pełznie kolosalna istota koszmaru o hybrydowej budowie pajęczaka z elementami organiczno-metalicznymi. Masywny chitynowy tułów na ośmiu segmentowanych kończynach zakończonych hakami, z przodu nieproporcjonalnie wielka płaska głowa z pyskiem pełnym kościstych kłów i skupiskiem rubinowoczerwonych oczu ułożonych asymetrycznie. Z grzbietu wyrastają fioletowoczarne kolce i chitynowe płyty, między nimi pulsują żyłki chorobliwej zielonej energii, a tam gdzie kończyny dotykają ziemi, roślinność więdnie i czernieje. W Nowej Phyrexii koszmary nie atakują — pełzną, zostawiając za sobą pas martwej ziemi jako swoją trasę, i to wystarczy, by kolejny obrońca Mirrodinu wiedział, że ścieżka tego ranka prowadzi nie tam, gdzie prowadziła wczoraj.
200	W zaułku Dolnego Miasta Baldur's Gate złodziej z Cienia Kupców zarzuca na ramiona płaszcz uszyty z ciemnej skóry nietoperza. Gdy skacze z dachu nad Szarą Przystanią, materiał faluje i rozciąga się w błoniaste skrzydła, a sylwetka znika w zmierzchu. Powietrze świszczy wokół niego, gdy mknie między kominami szybciej niż strzała z kuszy, zawisając głową w dół pod rynną jak prawdziwy nietoperz. Strażnicy na murze widzą tylko cień, który przecina księżyc nad Faerûnem i znika w kierunku Undercity.
201	Na nieskazitelnie białych tarasach Czystej Bazyliki na planie Mirrodin rycerze Elesh Norn z nabożną precyzją doglądają kolejnych pokoleń biomechanicznych żołnierzy. Porcelanowy oracz ciała o wyrazistych splotach szkarłatnych ścięgien pochyla się nad ceramicznym kokonem, umieszczając w jego wnętrzu nasycony energią zalążek nowego życia. Każde skupienie magii na otoczeniu natychmiast stymuluje wzrost uśpionych wewnątrz form, przygotowując kolejną zbrojną jednostkę do opuszczenia inkubatora. W surowej doktrynie Ortodoksji Maszyn każda cząstka materii zostaje precyzyjnie przekształcona w idealną, pozbawioną wad formę służącą chwale Nowej Phyrexii.
202	U podnóża wulkanicznych gór Mordoru, wśród spękanej bazaltowej ziemi, z której buchają gejzery żaru, kroczy tytaniczny olbrzym wielkości kilkudziesięciu metrów, zbudowany z rozżarzonej magmy i czarnej spękanej skały. Jego ciało pokryte jest zastygłą lawą, a przez pęknięcia płyt bazaltowych wyziera płynna magma w odcieniach złota, pomarańczu i intensywnej czerwieni; z oczodołów bucha biały żar, a z ust fala gorącego powietrza. W wyciągniętej dłoni zbiera się kula skoncentrowanego żaru, z której trzy smugi ognia odchodzą w trzech różnych kierunkach, gotowe uderzyć w osobne cele. Za olbrzymem stopione kałuże obsydianu zastygają w szklistą drogę — w Czarnej Krainie Sauron nie posyła takich sług często, bo tam, gdzie przeszedł Inferno Titan, nie zostaje niczego, na czym można by postawić miasto.
203	
204	W zalanych słońcem pracowniach metropolii Ghirapur na planie Kaladesh najzdolniejsi rzemieślnicy potrafią tchnąć nowe życie w pozornie martwe konstrukcje. Skupiony mistrz animacji kieruje skoncentrowany strumień błękitnego eteru wprost do serca monumentalnego automatu z ażurowego złota i brązu. Pod wpływem magicznego zasilania potężna machina ożywa w ułamku sekundy, stawiając ciężki krok na posadzce i rozświetlając warsztat blaskiem wewnętrznego rdzenia. Ta niezwykła biegłość w ożywianiu filigranowych kolosów sprawia, że dzieła tutejszych warsztatów stają się potężnymi strażnikami gotowymi do obrony wolności miasta.
205	
206	Nad brzegiem płytkiej rzeczki w bujnym zielonym krajobrazie Bloomburrow, gdzie trawy i trzciny widziane z perspektywy drobnej istoty są wyższe od drzew, kroczy antropomorficzny królik o białym futerku i długich postawionych uszach. Ubrany w zieloną kamizelkę z kieszeniami na lnianej koszuli, krótkie spodnie i skórzane sandały; na plecach plecak z przypiętą mapą i drewnianą manierką. Idzie na wysokich drewnianych szczudłach przywiązanych do łapek, dzięki czemu góruje nad roślinnością, a z tej podwyższonej pozycji podziwia z szerokim uśmiechem widok na dolinę, którego bez szczudeł by nie zobaczył. W Bloomburrow mały rozmiar nie jest wadą, tylko zaproszeniem do pomysłowości — a królik ze szczudłami dotarł już do miejsc, gdzie większe zwierzęta się zgubiły.
207	W sercu Mephidross, gdzie nawet powietrze zdaje się przeżerać płuca, trzech Wyznawców Rdzy klęka przed oleistym zwierciadłem woli Azax-Azoga, Smoka-Kostuchy. Nie błagają o litość ani ocalenie, lecz o dopełnienie paktu – chcą, by plugawa esencja Dross Pits stała się ich krwią, a ich śmiertelne myśli częścią Maszyny-Ojca. Gdy czarne wici oleju przeszywają ich skórę i łączą się z umysłem, ich indywidualność rozpływa się w chórze jednego, skażonego celu. Ta ofiara z trzech dusz nie jest stratą, lecz zyskiem dla Phyrexii, bo każdy łyk wiedzy wyssany z tej kałuży odbija się echem agonii w umysłach tych, którzy wcześniej zostali naznaczeni.
208	
209	Na udeptanej piaszczystej arenie otoczonej drewnianymi trybunami, pod wieżami baśniowego zamku w Ardenvale, stoi doświadczony instruktor w czerwonej tunice treningowej, skórzanych ochraniaczach na przedramionach i ciężkich butach. W jednej dłoni trzyma opuszczony płonący miecz treningowy — drewniane ostrze owinięte naoliwioną tkaniną, palące się spokojnym ogniem jak pochodnia — drugą uspokaja kasztanowego konia. Obok niego młody rycerz w czerwonym wamsie siedzi w siodle drugiego wierzchowca, pochylony w koncentracji przed torem przeszkód z obręczami i słupami owiniętymi płonącą liną. Po bokach areny płoną żelazne kosze latarni treningowych, a na trybunach siedzą inni uczniowie — w rycerskich akademiach Eldraine ogień jest ostatnim egzaminem, po którym wojownik wie, czy był gotów.
210	
211	Głęboko pod świątynią Orazca monstrozaur obudzony przez drżenie ziemi przebija się przez zawaloną komnatę Oltecków. Na jego grzbiecie jarzą się runy wyryte przez kapłanów Słońca, które miały ujarzmić bestię, lecz teraz pulsują w rytmie wstrząsów. Każde uderzenie jego łapy kruszy posadzkę, a odkrywcy z Legionu Zmierzchu rzucają się do ucieczki, zostawiając za sobą mapy i kilofy. Gdy jaskinia się zapada, bestia połyka kamień i ziemię, a jej ryk niesie echo dawnego głodu Ixalan.
212	
213	W zagraconym półmrocznym warsztacie wynalazczyni wysoko w kamienicy Ghirapur młoda ludzka rzemieślniczka o skupionym spojrzeniu i ciemnych włosach związanych z tyłu jednocześnie aktywuje cały arsenał swoich stworzeń. Wokół niej unoszą się mały kroczący automat, pływająca kula z pierścieniami, mechaniczne ramię ze stołu i w tle częściowo złożony korpus strażnika, a między urządzeniami przeskakują błękitno-pomarańczowe łuki energii. Na stole rozrzucone szkice techniczne, śrubki, soczewki i miniaturowe kotły eterowe, z sufitu zwisają łańcuchy i lampy warsztatowe. Samotność wynalazczyni na Kaladesh jest pozorna — otaczają ją dziesiątki stworzeń, które są równocześnie jej asystentami, przyjaciółmi i mentorką dla samej siebie, bo każdy z nich przypomina jej, na co jeszcze stać jej umysł.
214	W sercu Ulvenwaldu, gdzie granica między zwykłym zwierzęciem a koszmarem zaciera się w wiecznym półmroku, przewodnik Bruno mylił wściekłość natury z plugastwem lykantropii, płacąc za to najwyższą cenę. Nie trzeba bowiem klątwy Avacyniańskiego księżyca, by zginąć od kłów istoty, która broni swego terytorium przed intruzami niosącymi woń ognia i srebra. Wataha z Ulvenwaldu nie potrzebuje przemiany w człowieka, by być doskonałym drapieżnikiem – wystarczy jej głód i ślepa, pierwotna furia zaklęta w każdym mięśniu. Gdy z mgły wyłaniają się kolejne szare grzbiety, a warkot rozdziera ciszę mrocznego boru, jedyną odpowiedzią Kessigczyka na ten widok jest zrozumienie, że nawet bez księżyca w pełni ta ziemia nigdy nie wybacza słabości.
215	Na dnie Ban Koj w Jaskiniach Rdzenia marszałek Daram z ludu Malamet unosi dłoń nad kamiennym glifem wykutym przez przodków. Zielony znak w kształcie głowy jaguara formuje się w powietrzu między nim a młodym wojownikiem z włócznią. Naprzeciw nich stoi zwiadowca Imperium Słońca, który zszedł z powierzchni w poszukiwaniu cosmium. Daram wypowiada słowa zapisane na steli, by nie dać mieszkańcom powierzchni czasu na poznanie taktyki Malamet.
216	Na chłodnym kamienistym wybrzeżu Innistradu o świcie, w gęstej morskiej mgle pod ciężkim szarym niebem, stoi masywny wojownik-skaab — humanoidalny trup złożony przez stitchera z różnych ciał. Na szerokich barkach niedopasowana zbroja: ogromny naramiennik, za długie karwasze, fragmenty kolczugi od różnych rycerzy — wszystko nadgryzione solą i przewiązane skórzanymi pasami. Opiera oburącz długi topór drzewcowy pionowo o ziemię, jego sinoszara twarz częściowo zasłonięta hełmem, matowe oczy nieobecne. U stóp, na mokrym piasku, leżą hełmy, tarcze i rękawice wypłukane przez fale — resztki dawnego pobojowiska, z którego zebrano materiał na tego strażnika, bo na Innistradzie nawet pustego brzegu ktoś musi pilnować.
217	Bramą Posiadłości w Baldur's Gate oddziela Górne Miasto od Dolnego Miasta od czasów patriarchy Baldurana. Cztery mniejsze bramy patriarów, w tym Manor Gate, zostały wzniesione za prywatne fundusze rodów z Rady Czterech. Strażnicy z Flaming Fist wpuszczają tylko tych, którzy noszą barwy rodowe lub okazują sygnet. Za murami mieszkańcy Górnego Miasta nie widzą dymu z doków i nie słyszą krzyków z Bazyliszka.
218	W jałowej metalicznej dolinie Mirrodinu pod bladym mlecznym niebem, na niskim cokole z ciemnego metalu, unosi się dziwny artefakt o trójkątnej formie z trzema grubymi ramionami zbiegającymi się wokół centralnej płyty. Powierzchnia z matowego brunatno-fioletowego metalu pokrytego filigranowym wzorem spiral, a w trzech narożnych komorach tkwią półprzezroczyste zbiorniki z gęstą ciemnozieloną substancją o fosforyzującym blasku. Z centralnej płyty odchodzą cienkie fioletowe wyładowania, a u podstawy cokołu metal matowieje, pęka i pokrywa się ciemnym nalotem — korupcja rozchodzi się powoli i metodycznie. Phyrexiański trigon nie eksploduje, nie krzyczy, nie pokazuje siły — po prostu istnieje na Mirrodinie i liczy dni, aż sam metaliczny świat zacznie się rozsypywać wokół niego.
219	Prishe z Tavnazii prowadzi przez Dolne Jeuno grupę poszukiwaczy przygód zebraną pod Bramą Archonów. Elvaanka woła, że czuje zapach przygody dochodzący z tunelu do Górnego Jeuno. Wśród idących są Hume z Bastok, Galka z portu, Mithra z Windurst i Tarutaru z Federacji. Razem szukają drogi do kolejnego miasta, a Prishe wskazuje im ścieżkę przez kryształowy portal.
220	W kolosalnej pradawnej kopalni Urzy, głęboko pod powierzchnią Dominarii cylindryczna komora o ścianach z ciemnego kamienia i metalu poprzecinana jest geometrycznymi tunelami, platformami i mostami technicznymi. W centrum zieje pionowy szyb opadający do jamy pełnej płynnej złoto-pomarańczowej energii, nad nim masywna stalowa platforma robocza z kołowrotami, z której zwisa długie wiertło energetyczne zanurzone w świecącym złożu. Na krawędzi platformy drobna sylwetka górnika-technika w ochronnym stroju kontroluje urządzenie dźwigniami; na ścianach szybu odsłonięte warstwy pradawnych ruin thranowych. Urza potrzebował kopalń, z których wydobywało się nie tylko rudę, ale i pamięć świata — a kto kopie głębiej niż Dominaria pozwala, zwykle znajduje więcej, niż chciał znaleźć.
221	Na Innistradzie w kaplicy Markovów w Stensii młoda mieszkanka Kessig przechodzi próbę Sorina Markova. Wampir z rodu Markov składa na jej szyi znak zębów, który nie krwawi. Znak pozostawia dwie blade blizny i ciemną żyłę many, widoczną pod skórą. Od tej nocy należy do nocy, a jej siła rośnie kosztem życia innych.
222	Na postrzępionym czarnym skalnym wybrzeżu Skellige podczas wzburzonej nocy stoi samotny morski strażnik — smukły merfolk o zielonkawo-niebieskiej skórze i ostrych surowych rysach, długie włosy rozchodzące się na boki jak sztywne płetwy. Ubrany w ceremonialno-wojskowy pancerz z warstw morskich tkanin, skór i spiralnych płyt przypominających muszle w odcieniach granatu i zieleni morskiej. W obu dłoniach trzyma długą smukłą włócznię o trzonie z polerowanego koralu i krystalicznym półprzezroczystym grocie, stoi pochylony w czujnej pozie na skraju skały. Na wyspach Skellige niektórych wybrzeży strzegą ci, których ludzie przestali widzieć — a ich warta nie trwa od dzisiejszego przypływu, tylko od czasu, gdy pierwsze drakkary dopiero uczyły się schodzić na wodę.
223	W świetlistej komnacie z białego kamienia, otwartej szerokimi arkadami na niebo, nad niskim marmurowym postumentem unosi się pojedyncze pióro wykonane z półprzezroczystego złocisto-białego światła. Obraca się powoli, z jego końcówek rozszczepiają się drobne złote iskierki, a wokół krążą cienkie pasma energii przypominające łagodne podmuchy wiatru. Na krawędzi postumentu leży otwarta dłoń starszego pielgrzyma w białej rękawicy, wyciągnięta ostrożnie pod piórem w geście przyjęcia z szacunkiem. W Śródziemiu pióra z Valinoru nie przychodzą często — a kiedy już przyjdą, nie noszą imienia swojego Valara, tylko cichy ciężar tego, że ktoś wyżej niż Gandalf wie, że ten konkretny pielgrzym jeszcze coś robi w tej wędrówce.
224	Na spękanej wulkanicznej równinie Immersturm w Kaldheim, pod płonącym niebem pełnym dymu i błyskawic, wznosi się monumentalny kopiec z czarnych kamieni, popiołu i zwęglonych szczątków dawnych bitew. W jego powierzchnię wbite są dziesiątki mieczy, toporów, włóczni i połamanych sztandarów tworzących poszarpaną wieżę, a między warstwami skał przebijają się szczeliny rozżarzone lawowym blaskiem. U podnóża leżą hełmy, tarcze i fragmenty pancerzy zasypane popiołem, wokół wiją się strumienie płynnej lawy między bazaltowymi iglicami. W Królestwie Ognia wojna nie kończy się śmiercią — broń tych, którzy padli, wrasta w kurhan i czeka na dzień, w którym ktoś z jarlów zdecyduje ją uwolnić w jednym niszczycielskim akcie.
225	Na leśnej polanie o zmierzchu, w złoto-brązowym świetle przebijającym przez korony drzew, siedzi na ziemi młoda wojowniczka klanu Jeskai w lekkim ceremonialnym pancerzu w turkusach, bieli i złocie, z geometrycznym motywem słońca na napierśniku. Jest zmęczona ale przytomna; wokół niej wbite w ziemię strzały i porzucona tarcza — niebezpieczeństwo właśnie minęło. Nad nią unosi się półprzezroczysta postać przodkini-ducha w dawnym stroju rodowym i stożkowym hełmie, z rozwianymi świetlistymi szatami, trzymająca wysoko zakrzywioną laskę rytualną; z niej rozchodzi się złoto-biała aureola ochronna odchylająca nadlatujące strzały. W klanach Tarkiru przodkowie nie opuszczają rodu — stają się jego ostatnią linią obrony, a ich gniew nie jest furią, lecz niezłomną wolą, by pęd krwi nie urwał się dziś.
226	W gotyckim kamiennym laboratorium alchemicznym w piwnicy pod innistradzką kamienicą wysokie półki z butelkami i słojami giną w półmroku, a wnętrze oświetla tylko zimny blask księżyca z małego okna i kilka niebieskawych lamp. W centrum stoi monumentalna kompozytowa postać — potężny konstrukt o szerokiej klatce piersiowej i asymetrycznych ramionach, misternie połączony z różnych tekstur bladej materii, ciemnych linii spajających i mosiężnych obejm. Stoi niezdarnie z przechyloną głową, budząc się do życia, a w cieniu obserwuje uczony w długim płaszczu z chłodnym spokojem. W Nephalii każdy stitcher wie, że najlepsze konstrukty powstają nie z najlepszych części, ale z tych, które pasują do siebie, mimo że nikt nie chciał, by się spotkały — a ten właśnie otwiera oczy pierwszy raz.
227	Na wietrznym skalistym płaskowyżu Zendikaru, pod jasnym niebem pełnym drobin pyłu, stoi młoda kobieta-przemiennokształtna z ekspedycji sojuszników — smukła, pewna siebie, o krótkich ciemnobrązowych włosach rozwianych wiatrem i lekko figlarnym uśmiechu. Ubrana w lekką zbroję podróżniczą z metalowym napierśnikiem i skórzanymi pasami, jedna ręka oparta na biodrze. Tuż za nią, częściowo wyłaniając się z wirującej błękitnej mgły magicznej, stoi jej niemal idealna kopia — ta sama twarz, ta sama zbroja, ten sam wyraz, ale z delikatnie przezroczystymi krawędziami i eterycznym połyskiem. W tle inni członkowie ekspedycji — wojownik z włócznią, mag z kosturem, zwiadowczyni z plecakiem — przemiennokształtna Jwari nie wybiera kim być, nim zobaczy, kim jest drużyna, a Zendikar nagradza tych, którzy potrafią zostać każdym.
228	Na pustkowiu Nowej Phyrexii pokrytym popiołem i resztkami metalicznej roślinności stoi samotny biomechaniczny artefakt — żywy ekwipunek na czterech długich cienkich segmentowanych kończynach-szczudłach zakończonych zwężającymi się stopami. Z przedniej części ramy wychodzą dwa łukowato wygięte chwytaki zakończone drobnymi kolcami, gotowe objąć nosiciela, a w centrum widać pustą siodłowatą wnękę na niewielki organizm lub konstrukcję. Powierzchnia z gładkiego ciemnego metalu o organicznej fakturze lśni zielonkawym, oleistym połyskiem w szczelinach; wokół niego popiół i cząstki unoszą się w powietrzu, poruszane przez jego ostrożny krok. Na skażonym Mirrodinie ekwipunek stał się bytem osobnym — czeka na właściciela, ale już idzie, a to, co go dosiądzie, nie będzie już do końca sobą.
229	We wnętrzu eleganckiego aresztu w stylu fantasy westernu na Thunder Junction, w ostrym świetle południowego słońca padającego przez wysokie okno, stoi charyzmatyczna najemniczka-kluczniczka o ciemnych włosach i pewnym siebie uśmiechu. Ubrana w idealnie skrojony biały płaszcz z czarnymi klapami, elegancką kamizelkę i szeroki kapelusz ze srebrnym filigranem — jedną ręką poprawia rondo, drugą unosi pęk ozdobnych srebrnych kluczy na łańcuszku jak symbol przewagi. Za jej plecami, w miękko zacienionej celi z ozdobnymi, secesyjnymi kratami, stoi zatrzymany rzezimieszek oparty obiema dłońmi o pręty i patrzący z frustracją. Na ścianie listy gończe, mapy tras dyliżansów; przy biurku lampa naftowa i metalowa kasetka dowodowa — na Outlaw Frontier nie każdy klucz otwiera drzwi, ale każdy z tych w jej dłoni zamyka kogoś konkretnego na dokładnie tak długo, jak jej zapłacono.
230	Na otwartej metalicznej równinie Mirrodinu pod jasnozielonym niebem unosi się niewielki artefakt o kształcie złożonej ozdobnej bryły — połączenie sześcianu i wielościanu z centralnym trójkątnym panelem, wykonany z polerowanego złota, mosiądzu i grawerowanego ciemniejszego metalu. W rogach osadzone czerwone i bursztynowe soczewki, a wokół niego rozchodzą się szerokie półprzezroczyste zielone kręgi energii rozszerzające się ku horyzontowi jak koncentryczne fale skanowania. W obrębie kręgów z powierzchni ziemi wyłaniają się linie i kontury ukrytych warstw terenu, a drobne fragmenty pyłu unoszą się wokół artefaktu, który podczas jednorazowego użycia zaczyna się rozluźniać. Mirrańska magia ziemi nie przejmuje krainy — tylko wskazuje, gdzie ona jeszcze jest pod warstwami skażenia, i tym jednym gestem otwiera podróżnikowi następny krok.
231	Na szerokich marmurowych schodach prowadzących do agory therosyjskiego miasta-państwa stoi zwarta formacja czterech wojowniczek z Setessy, ustawionych ramię w ramię w obronnym szyku. Każda reprezentuje innego patrona zwierzęcego i ma tarczę z emblematem — wąż, lew, dzik, ptak drapieżny — a ich uzbrojenie łączy greckie hełmy, skórzano-brązowe kirysy i krótkie włócznie ze spójnym stylem. Podnoszą broń i tarcze w zsynchronizowanym geście, z ich środka rozchodzi się złoto-zielona poświata inspiracji oplatająca zbroje; za nimi, wyżej na schodach, inni obrońcy polis patrzą z odwagą. Na Theros jedność czterech frakcji zwierzęcego patronatu Setessy nie jest codziennością — gdy już się zdarza, reszta miasta wie, że następny wróg tę agorę przejdzie tylko po trupach wszystkich, którzy śpiewają tę pieśń.
232	Na skraju leśnego duktu w Drakwaldzie stoi prowizoryczny posterunek zbudowany z krzywo związanych desek i kawałków porzuconego uzbrojenia, a przed nim goblin-strażnik o zielonkawej skórze i wyolbrzymionym poważnym wyrazie twarzy. Ubrany w niedopasowaną zbyt dużą zbroję z okrągłymi naramiennikami, wypukłym napierśnikiem i hełmem zsuniętym na czoło, trzyma oburącz długą pikę, ale z lekką niepewnością obraca ją przed oczami, mrużąc jedno oko i oceniając, która część właściwie jest tą groźniejszą. Obok niego wbita w ziemię tabliczka z krzywym ostrzeżeniem, na skrzynce gwizdek i kubek z czymś gorącym. Za palisadą wyglądają dwa inne gobliny obserwujące kolegę z rozbawieniem — gobliny Starego Świata traktują awans na wartownika bardzo poważnie, zwłaszcza ten, którego pika nie trafiła jeszcze żadnego wroga.
233	Na skraju warzywnego pola w Bloomburrow w pogodny poranek stoi dziwaczna wielofunkcyjna istota-konstrukt — changeling zbudowany z kory, gałęzi, korzeni, starych narzędzi rolniczych i szmat, przypominający skrzyżowanie stracha na wróble, chrząszcza i kota. Tułów z wydrążonego pnia, długie segmentowane kończyny zakończone korzeniowymi chwytakami, głowa o cechach kilku zwierząt naraz — kocie uszy, drewniany pysk, jedno oko z guzika, drugie z nasiona. Na grzbiecie dźwiga wiklinowy kosz z purpurowymi bulwami, a jedną łapą właśnie unosi kolejną wyrwaną z ziemi z korzonkami. Między gigantycznymi liśćmi, za płotem, ukrywają się antropomorficzni farmerzy — myszy i króliki — obserwujące z ostrożnością: w Bloomburrow zbieracz nie musi być z jednej rasy, byle oddawał plony do właściwej norki.
234	W ponurym zamglonym mokradle na obrzeżach przeklętego lasu, między martwymi drzewami i resztkami kamiennego traktu, stoi slaad — masywna humanoidalno-płazia istota chaosu o szarej wilgotnej skórze i muskularnej wychudzonej sylwetce. Jego pysk jest szeroki i żabi z rzędami ostrych zębów, oczy pozbawione białek lśnią czystą pustką, a na piersi i ramionach widać drobne pulsujące chitynowe narośla. Z głębi jego klatki piersiowej sączy się ciemna plamka, a wokół pazurzastych dłoni unosi się mgła tego samego szarawego odcienia — zaraza, którą przenosi bez intencji. Na Wybrzeżu Mieczy slaadowie z Pozaświatów pojawiają się tam, gdzie zaklęcia się krzyżują — a szary slaad nie atakuje nikogo konkretnego, bo wszystko, co stanie obok niego, samo zaczyna chorować.
235	Przy ogromnej starej estakadzie w najniższych poziomach Ravnicy, w zaniedbanej dzielnicy porośniętej mchem i grzybami, pod masywnymi filarami mostu przyczepiony jest do kamiennej ściany potężny troll — muskularny o wilgotnej oliwkowo-zielonej skórze, przywarty do filaru wszystkimi kończynami niczym gigantyczny gad. Z jego pleców i barków wyrastają narośla z mchu i porostów, jakby przez lata zrósł się z konstrukcją, a z głowy zwisają długie czarne mokre pasma. Kluczowy gest: unosi jedno ogromne ramię ponad krawędź estakady i opiera dłoń na pomoście, blokując żywą zaporą przejście górą — nad którym spłoszone ptaki wirują białymi piórami. Na Ravnicy golgaryjskie trolle estakadowe nie próbują zejść z mostu, by cię zatrzymać — zatrzymają cię, nie ruszając się z miejsca, bo ich ręka jest dłuższa, niż myślałeś.
236	Na szczycie ciemnego skalistego urwiska w krainie miniaturowych społeczności Bloomburrow stoi mały gadzi mag-salamandra o łuskowatej pomarańczowej skórze, w skórzanej bluzce z metalowymi ćwiekami. Unosi prosty kij zakończony świecącym rubinowym kryształem, a z niego w ziemię schodzi strumień intensywnej ognistej energii. W odpowiedzi na ten impuls krawędź urwiska pęka i z niej odrywają się masywne głazy — lecą w dół w kaskadzie pyłu i popiołu, kierując się ku niewidzialnemu celowi w dole. Na Bloomburrow natura nie wybiera większego zwycięzcy w starciu z mniejszym — salamandra z prostym kijem potrafi zrzucić całą ścianę skały, a kto stał na niewłaściwej ścieżce, nauczy się, że skala w tym świecie jest kwestią intencji, a nie wzrostu.
237	
238	W cieniu szczytów Karak Kadrin, gdzie krasnoludzcy inżynierowie z Gildii od wieków doskonalą sztukę wojny, Ramroller toczy się naprzód z nieuchronnością samej Góry – niepowstrzymany i absolutnie niesterowny. Ta machina, pozbawiona jakiegokolwiek mechanizmu skrętu czy finezji, jest czystym wyrazem krasnoludzkiej filozofii: co nie może zostać naprawione młotem i kowadłem, musi zostać zmiażdżone na pył. Na przedpolach twierdzy, gdzie plugawe plemiona Zielonoskórych raz jeszcze próbowały wedrzeć się do podziemnych korytarzy, nie ma miejsca na litość, negocjacje czy artystyczne ambicje – jest tylko stal, runy i nieubłagana siła tradycji. Gdy ciężki walec przetacza się po szczątkach goblińskiego rydwanu, zostawia za sobą jedynie równą, ubitą ścieżkę i echo głuchego pomruku zadowolenia dwóch krasnoludów, którzy nie oglądają się za siebie. A w księdze Gildii Inżynierów przybędzie kolejny wpis, kolejne świadectwo, że stal i runy Karaz-a-Karak są wieczne i nie znają kompromisu.
239	
240	Na szerokiej stepowej równinie Tarkiru, w narastającej burzy piaskowej przez którą przebijają złote promienie zachodzącego słońca, stoi młoda wojowniczka klanu Abzan o długich rozwianych czarnych włosach i zdyscyplinowanej postawie. Ubrana w lekką abzańską zbroję z motywem Kin-Tree — turkus, biel, złote okucia, chusta na szyi ozdobiona symbolem przodków. W uniesionej dłoni trzyma pióro lub mały fragment starożytnego sztandaru, wokół którego formuje się ciepła złotawa aureola rodowego błogosławieństwa, a ze stóp prowadzą w tył drobne świetliste ślady — echa przodków idących za nią przez burzę. Nikt z Abzan nie wychodzi sam w burzę — każdy krok potomka niesie za sobą wszystkich, którzy już tej drogi nie pokonają.
241	
242	W jasnym idyllicznym lesie Bant na Alarze, gdzie przez smukłe drzewa o srebrzystej korze przesącza się złotawe światło poranka, jedzie konno rycerz zakonu Skyward Eye w lśniącej białozłotej zbroi z turkusowym płaszczem. Na napierśniku i tarczy wygrawerowane jest stylizowane, otwarte oko — symbol zakonu, który widzi więcej, niż Bant przyznaje. Wierzchowiec kroczy spokojnie po marmurowej ceremonialnej drodze obrzeżonej kwitnącymi krzewami, a za rycerzem, w głębi lasu, w cieniu drzew ledwo widoczny jest niepokojący zarys — cień czegoś większego niż powinno się tu kryć. Na Bant wszyscy rycerze ślubują strzec harmonii, ale rycerze Skyward Eye wiedzą, że harmonia kosztuje drogo — i że Nicol Bolas ma cierpliwość dłuższą niż którykolwiek klejnot bantyjski.
243	Na wodach koło Tolarii adept z Akademii odgina zaklęcie skierowane w jego stronę. Willbender używa sztuki cephalidów, by zmienić tor magii bez dotykania źródła. W pobliżu ruiny z Czasów Najazdu Phyrexiańskiego wciąż wystają z wody. Jego zdolność odwracania woli jest dziedzictwem czasów, gdy Otaria broniła się przed magią zagłady.
244	
245	Na opustoszałym wrzosowisku Velen o zmierzchu, pod ciężkim niebem w kolorach brudnego złota i popiołu, stoi samotny czarownik — wysoki szczupły mężczyzna w ciężkim czarnym płaszczu z głębokim kapturem, którego twarz ginie w cieniu. Z jego wyciągniętej dłoni sączy się ciemna fioletowa energia — strumień skażonej magii unosi się powoli w stronę niskiej mgły kłębiącej się nad ziemią. W tle zarys martwych drzew i ruiny kamiennej kapliczki ledwo wynurzają się z oparów, a w powietrzu wisi atmosfera kogoś, kto wybrał samotność, bo żadna wioska nie przyjęłaby go już na noc. Na Kontynencie niektórzy czarownicy płacą za moc cenę, której nie chcą policzyć — a tę cenę zawsze widać najpierw w miejscu, w którym stoją.
246	W zapomnianych przez bogów moczarach Velen wiedźmy odprawiają pradawne rytuały, w których ból i przeznaczenie są nierozerwalnie ze sobą związane. Pozorna młodość i odrażająca starość zasiadają przy jednym stole, połączone krwawym sznurem oraz wspólnym pragnieniem rzucenia niszczycielskiej klątwy. Każde przekłucie słomianego talizmanu wyzwala mroczną magię, która z równą siłą razi wskazanego wroga, jak i cel wyznaczony przez kapryśny los. Zgodnie z wiedźmińskimi wierzeniami, pakty z moczarowymi czarownicami zawsze wymagają podwójnej ofiary, wiążąc krew rzucającego zaklęcie z cierpieniem jego otoczenia.
247	
248	Na zrujnowanym gotyckim cmentarzu we mgle, między przekrzywionymi nagrobkami i nagimi konarami martwych drzew, z rozkopanego grobu wypełnionego czarnym błotem wyłania się szkielet uwięziony w resztkach poczerniałej zardzewiałej kolczugi. Jedna koścista dłoń wpija się w gliniastą krawędź dołu, druga unosi własną czaszkę i właśnie przykłada ją do swojego karku — proces ponownego składania samego siebie. Wokół grobu porozrzucane są fragmenty uzbrojenia i kości innych, które jeszcze nie doczekały swojej kolei. W Krainie Umarłych nekromanci Nehekharanu nie zawsze potrzebują czarów — czasem wystarczy, że szkielet pamięta, gdzie zostawił własną głowę, a reszta poskłada się sama.
249	W cichej komnacie maga z jasnego kamienia, wypełnionej zwojami i świecącymi znakami zaklęć, uczony czarodziej w fioletowo-błękitnej szacie pochyla się nad półprzezroczystą geometryczną pieczęcią unoszącą się przed nim. Między kręgami pieczęci pulsują delikatne linie energii, które nagle zaczynają rozbłyskiwać niestabilnym światłem — zaklęcie ma defekt, sprzężenie zwrotne. Z jego pleców i ramion wyrasta ciemna pulsująca aura bólu, a twarz wykrzywia się w grymasie — w Kolegium Niebieskim mag płaci za każde niedokończone zaklęcie własnym cierpieniem, proporcjonalnym do mocy, którą próbował ujarzmić. Nie każdy czarodziej Altdorfu dożywa mistrzostwa, a ci, którzy dożywają, pamiętają dzień, w którym własne zaklęcie oddało im ten sam cios.
250	
251	W wysokiej kamiennej strażnicy o półkolistych arkadach, przez które wpada chłodne błękitne światło księżyca, stoi smocza bardka — humanoidalna dragonborn o łuskowatej rudawo-czerwonej skórze, w eleganckim podróżnym stroju i z lutnią w łapie. Wysokim głosem śpiewa pieśń bojową, a z jej instrumentu rozchodzą się fale czerwono-złotej energii — na balkonie w tle widać trzech sprzymierzonych wojowników, którzy pod wpływem muzyki prostują ramiona, dobywają broni i ruszają do walki gotowi. Nad horyzontem ciemne niebo i sylwetki nietoperzy nad poszarpanymi turniami, a księżyc oświetla scenę chłodnym światłem. W Baldur's Gate smocze bardki nie walczą mieczem — walczą pieśnią, która sprawia, że trzech zwykłych najemników staje się drużyną, zanim zdąży się przestraszyć.
252	Na spowitych dymem ruinach Osgiliath kapitan straży Gondoru wznosi wojenny róg, wzywając obrońców do straceńczego kontrataku. W odpowiedzi na czysty dźwięk srebra trzej zdeterminowani żołnierze w hełmach z motywem ptasich skrzydeł bez wahania wybiegają zza rozbitych murów. Mężczyźni w ułamku sekundy zwierają ciężkie tarcze z herbem Białego Drzewa, formując żelazną zaporę przeciwko przeważającym siłom Mordoru. Mimo widma niemal pewnej śmierci, w sercach obrońców odżywa niezłomna odwaga Ludzi Zachodu, gotowych do końca dochować wierności swojemu dowódcy.
253	W leśnym obozowisku o świcie, pośród wysokich iglastych drzew i omszałych głazów, stoi elficki bard o smukłej sylwetce i bystrych oczach, w podróżnym stroju w odcieniach leśnej zieleni i brązów. Trzyma w dłoni prostą lutnię, z której rozchodzą się złote fale inspiracji ku trójce towarzyszy podróży siedzących przy wygasłym ognisku — wojownik podnosi się z energią, kapłanka uśmiecha się budząc do modlitwy, łowca napina cięciwę z nową pewnością. Miękkie złote światło poranka przebija mgłę unoszącą się nisko nad ziemią, rozświetlając ich twarze. W Zapomnianych Krainach elficki bard nie jest luksusem drużyny — jest tym, dzięki komu trzech ludzi na porannej drodze czuje się jak czworo.
254	
255	
256	W ciasnej sypialni gotyckiego domu na Innistradzie, oświetlonej tylko bladym światłem księżyca i dogasającą świecą, twarz młodej kobiety pokazana jest w bardzo bliskim kadrze — głowa odchylona lekko do tyłu, szeroko otwarte oczy, blada twarz z cieniami pod oczami i wargi lekko rozchylone w niemym krzyku. Nad jej czołem unosi się bladoniebieska mgła, a w niej formują się niewyraźne zarysy koszmarnych twarzy i pokręconych kształtów — wizje zasiane w jej umyśle przez czyjąś magię. Na ramieniu widać delikatną świetlistą smugę, która wchodzi przez skórę, znikając w głębi czaszki. W Stensii iluzjonistka nie musi zabijać — wystarczy, że wrzuci komuś do snu przerażenie, którego ten nie potrafi odróżnić od rzeczywistości do pierwszego koguta.
257	Nawet gdy cielsko Zguby Durina runęło już w czeluść Morii, płonący bicz Balroga – niczym żywa, wężowa esencja złości Morgotha – wystrzelił w górę i owinął się wokół kolan Gandalfa Szarego. Ogniste rzemienie, które przez niezliczone wieki chłostały elfy z Gondolinu i krasnoludów z Khazad-dûm, w ostatnim akcie złowrogiej woli zacisnęły się na ciele Istariego, ciągnąc go nieuchronnie ku przepaści. Gdy kamień usuwał się Gandalfowi spod stóp, a echo jego okrzyku „Uciekajcie, głupcy!” odbijało się od ścian szybu, Drużyna Pierścienia mogła tylko patrzeć, jak ich przewodnik znika w otchłani, porwany przez przekleństwo, które przetrwało własnego pana. W tej jednej, rozciągniętej w czasie sekundzie, cała potęga Pierwszej Ery sięgnęła po niego z samego dna zapomnienia.
258	Na stromym skalistym zboczu porośniętym suchą trawą, pod ciepłym niebem późnego popołudnia, z góry zsuwa się kolosalny humanoid o surowych rysach twarzy i grubej skórze. W mosiężnym hełmie i pasach grubej skóry, masą i pędem przełamuje barierę z drewnianych belek — kurz, rozlatujące się deski i drobne kamyki wirują w powietrzu wokół jego nóg. Jego twarz wyraża bezmyślne skupienie na jednym: dotrzeć tam, gdzie schodzi, nie martwiąc się o to, co depcze po drodze. W Górach Krańca Świata olbrzymi wzgórzowi nie myślą strategicznie — toczą się w dół stoku jak lawina z zębami, a wieśniak, który zobaczył czarny kształt na grani, ma tyle czasu, ile trwa zejście.
259	
260	
261	
262	Na łagodnym zielonym wzgórzu Bant na Alarze, w jasny dzień pod ciepłym złotym światłem, stoi samotny ludzki herold-anioła — szczupły kapłan w kremowobiałych szatach z delikatnymi złotymi obszyciami, szeroki kaptur rzuca cień na twarz. Tkanina płaszcza rozwiewa się na silnym wietrze, tworząc długie linie, a w uniesionej dłoni trzyma świetlistą trąbkę z polerowanego metalu. Z jej wylotu wznosi się ku niebu słup złotego światła, a w górze, ledwo widoczna w chmurach, rysuje się postać anioła lecącego ku wezwaniu. Na Bant aniołowie nie przychodzą z własnej woli — przychodzą, gdy kapłan ze szczerą wiarą zdecyduje, że powinni, a rozmiar tej decyzji mierzy się tym, jak długo trzeba było zbierać odwagę przed podniesieniem trąbki.
263	
264	W mrocznym labiryncie ulic dzielnicy Orzhova na Ravnicy, gdzie każdy cień zdaje się skrywać dłużnika, gawędziarz Ilromov stał o krok od spotkania z przeznaczeniem, gdy eksplodująca krata posłała w jego stronę grad stalowych odłamków. Lecz z eteru wyłonił się wówczas Duch Strażnik, jeden z niezliczonych widmowych sług Kościoła Dealu, który wypełnił swój odwieczny obowiązek – ochronę tych, którzy jeszcze nie spłacili długu wobec Syndykatu Orzhov. Jego wyciągnięte dłonie nie zatrzymały metalu siłą, lecz samą swoją obecnością nagięły żelazne pręty losu, tworząc niewidzialną tarczę pomiędzy Ilromovem a bezlitosną fizyką. Duch zaś, spełniwszy swą powinność, pozostanie na tym skrzyżowaniu, czekając na kolejną duszę, której przeznaczenie będzie musiało zostać skorygowane.
265	Nad poszarpanym skalistym kanionem Zendikaru pod burzowym niebem pełnym wirującego pyłu z wysokiego urwiska odrywają się jednocześnie ogromne głazy i mniejsze odłamki, unoszone gwałtownym impulsem magicznym. Największy głaz dominuje pierwszy plan — leci ukośnie z ciągnącą się za nim smugą rozbitego kamienia i kurzu, kierując się w dół kanionu ku niewidzialnemu celowi. Za nim mniejsze odłamki w różnych rozmiarach wirują w powietrzu jak rozrzucony grad. Na Zendikarze rebelia przeciwko Eldrazi nauczyła mieszkańców, że sam krajobraz jest bronią — wystarczy poprosić urwisko o kawałek siebie, a ono odpowie lawiną.
266	
267	W sercu nieprzebytej dżungli Ixalanu, gdzie potężne ruiny Orazca kryją jeszcze wiele sekretów, chciwość doprowadziła Nirk Doobina i jego towarzysza z Brazen Coalition na ziemie przodków Sun Empire. Nieświadomi, że obserwuje ich cierpliwy łowca z plemienia Atzocan, uzbrojony w dmuchawkę i strzałki nasączone jadem pozyskanym z pnączy zmierzchu, rabowali starożytny, zapomniany grobowiec. Gdy maleńki pocisk wbił się w szyję Nirk Doobina, był on tak skupiony na błyszczącym złocie, że pomylił ukąszenie śmierci z użądleniem zwykłej osy, która także chciała skosztować jego potu i krwi. Jego ostatnie słowa, wypowiedziane z irytacją do kapitana, są cichym echem ostrzeżenia dla wszystkich, którzy pragną złupić ziemie Imperium Słońca, nie znając ich morderczych sekretów. W wilgotnym cieniu dżungli, gdzie każdy liść może być śmiertelną pułapką, mylne wrażenie bywa ostatnią rzeczą, jaką odczuwa śmiertelnik.
268	W gęstym pradawnym lesie Zendikaru pod wysokim sklepieniem lian i szerokich liści, przez które przebija się zielono-złote światło, stoi ogromny troll z plemienia dzikich lasów — muskularna istota o szerokich barkach i skórze przypominającej połączenie mchu, kory i chropowatego kamienia. Wokół niego, wśród paproci i pnączy, zebrała się drużyna zielonej ekspedycji — kilku wojowników, zwiadowca z łukiem, druid z kosturem. Każdy z nich świeci delikatną szmaragdową aurą, która rozchodzi się falami ku trollowi, a ten pod wpływem skumulowanej energii sojuszników pęcznieje — jego mięśnie napinają się, ciało rośnie, oczy zapalają zielonym blaskiem. Na Zendikarze siła jednostki mierzy się nie tym, ile uniesie sama — mierzy się liczbą tych, którzy wierzą, że uniesie więcej.
269	
270	Na Zendikarze po odejściu Eldrazi Roil wciąż rozrywa ziemię Tazeem. Nissa Revane klęka przy szczelinie w Kazandu i kieruje manę w korzenie. Hedry pękają, a z czarnego bazaltu wyrastają nowe pędy. Korzenie znajdują drogę przez skałę, a góry ustępują nowemu wzrostowi.
271	W podziemnym kanałowym skrzyżowaniu pod Nową Pragą patrol Azoriusz odkrył ukryty runiczny ładunek Gildii Dimir, zaprojektowany tak, by implodować cały akwedukt bez śladu. Kiedy słońce Ravnici osiągnęło zenit, oficer Prawnomag wykorzystała geometrię miasta, odbijając czysty promień światła wprost na zakazaną inskrypcję, niczym żywe ostrze anty-magii. Magia tajemnej gildii, doskonała w ciemności, nie wytrzymała fizycznej prawdy światła dziennego i rozpadła się w niemym pisku pękającego eteru. W ułamku sekundy zawiła intryga Dimirów stała się jedynie garścią bezwartościowego, iskrzącego pyłu unoszącego się na powierzchni wody, a porządek Senatu został zachowany bez jednego wypowiedzianego wyroku.
272	W głębi starożytnego lasu Theros, gdzie korony drzew tworzą zieloną sklepioną komnatę, dynamicznie porusza się wojowniczka-łowczyni w lekkim skórzano-lnianym stroju inspirowanym grecką antycznością. Unosi łuk z napiętą cięciwą, a ze strzały, którą wkłada, wyrastają pnącza i liście opatulające jej ramiona — zaklęcie przywołania dzikiej natury. Wokół niej powietrze wiruje zielono-złotymi spiralami, a z głębi lasu, z cienia między pniami, wyłania się ku niej cień dzikiej bestii — gotowej do polowania u jej boku. Na Theros niektóre myśliwczynie nie modlą się do Nylei, bo Nylea odpowiada im bez prośby — a las, który wychował tę łowczynię, ma o niej swoje zdanie.
273	W sercu Murasy, gdzie skalne iglice Tażdu przecinają niebo, wędrowiec z klanu Kazandu odkrył gęstwinę splątaną z ruinami starszymi niż ludzka pamięć. Korzenie drzew wbiły się w szczeliny zapomnianego hedronu, a ziemia pod stopami zdawała się oddychać, pulsując surową maną ukrytą głęboko pod powierzchnią Zendikaru. Kiedy jego dłoń spoczęła na wilgotnym mchu, umysł wypełniły mu ulotne wizje przebiegu podziemnych rzek i żył magicznej mocy, ukazując mu dokładnie to, czego szukał — czystą, nieskażoną energię, która mogła poprowadzić go do domu. W tej świętej ciszy, z dala od ruin spustoszonych przez Eldrazi, dzicz Zendikaru zaoferowała mu dar przetrwania, szepcząc prawdę o ukrytej ścieżce wśród chwastów i kamieni.
274	W sercu cytadeli Akrasy, na dziedzińcu Sigilarnym, giermek z kasty Mortar czekał na znak od swego pana, rycerza Zakonu Słońca, który za chwilę miał stanąć do honorowego pojedynku. Jego dłonie, choć niegodne jeszcze noszenia własnego sigilu, z nabożną czcią uniosły kopię ku niebu, a każdy jego krok był wyuczonym na pamięć elementem rytuału, który od stuleci podtrzymywał chwałę Bantu. Gdy ostrze kopii przecięło promień słońca, odbijając go w stronę balkonu, wiedział, że w tej jednej chwili cała jego wartość leży nie w walce, ale w niezachwianej służbie i wierze w samotnego bohatera. Na kamieniach pod stopami złoty sigil rozbłysł słabym blaskiem, a ciche modlitwy Mortarów stojących w cieniu towarzyszyły rytuałowi, który wynosił jednego, by wzmocnić wszystkich.
275	W ogromnym szybie schodowym budynku Shinra w Midgarze metalowe schody zawracają na wielu piętrach w chłodnym turkusowym świetle technicznym, przeszywanym czerwonymi błyskami lamp alarmowych. Na jednym z dolnych podestów stoi Cloud Strife z kolczastymi blond włosami i Buster Sword na plecach, patrząc w górę; obok niego Tifa Lockhart w białej koszulce i czarnej spódnicy, Barret Wallace z karabinem-protezą zamiast ręki. Wyżej, na jednym z podestów, widać samotną postać Aerith Gainsborough w różowej sukience i czerwonej kamizelce — więziona przez Tsenga z Turks. Cała drużyna Avalanche wspina się razem — Cloud na przedzie, ale każdy z nich pcha go wyżej po każdym piętrze; w Midgarze sama Shinra zbudowała drogę, po której po raz pierwszy AVALANCHE pójdzie w górę, nie w dół.
276	Wielka miejska brama prowadząca do dzielnicy targowej Baldur's Gate, zbudowana z ciepłego piaskowca z mosiężnymi wzmocnieniami i rzeźbionymi ornamentami przedstawiającymi sceny handlu. Masywny łuk wejściowy otwarty ukazuje fragment ruchliwej ulicy za nim, a po obu stronach wąskie strażnice z wąskimi oknami. Przez bramę przechodzą kupcy z wozami, dwóch strażników w mundurach Płonącej Pięści sprawdza dokumenty handlarza. W Bramie Baldura sama brama nie jest ozdobą — to punkt kontrolny, w którym Flaming Fist mierzy, ile rzeczywiście warte są zezwolenia kupca i czy jego wóz nie waży więcej, niż deklaruje jego pieczęć.
277	Na skraju Spinewoods paladyn z posterunku w Prosperity wbija swój ciężki miecz-piłę w spękaną ziemię, wyznaczając granicę, której nie przekroczą bandy z Tarnation. Jego łoś bojowy, opancerzony w zieloną stal z kuźni w Omenport, pochyla łeb nad strumieniem, a głębokie ślady racic znaczą szlak przez pustkowie. Na pasie mężczyzny kołyszą się trzy fiolki z żywicą leczniczą zbieraną z żółtych narośli kolczastych sosen, gotowe dla rannych osadników z Saddlebrush. Gdy słońce Thunder Junction zachodzi za chmury, miecz rzuca długi cień na piasek, a cisza lasu mówi, że ten posterunek przetrwa noc.
278	W zalanych kanałach Undercity pod Towashi kappa z klanu Błotnej Skorupy klęczy na wraku drona kurierskiego Eiganjo. Jego tanto przecina plombę energetyczną, a zielony znacznik na naramienniku gaśnie w chwili, gdy rdzeń maszyny traci światło. Wokół unoszą się odbicia neonów Sokenzan i reklam Reito Market, a woda niesie iskry z rozebranego przekaźnika kami. Kappa chowa wyjęty moduł do torby z mchu i znika w cieniu mostu, zostawiając za sobą tylko kręgi na wodzie.
279	W chacie sołtysa w Downwarren starsza szeptucha z Velen kładzie na dębowym pniu otwartą księgę rodową, której dwie strony znaczą dług i zapłatę. Obok niej gospodarz z Czarnoboru trzyma glinianą misę z wodą z Krzywuchowych Moczarów, gotową przyjąć ofiarę. Młody parobek klęczy na klepisku, a przy jego kolanach stoi biała koza z czerwoną wstążką, którą wieś karmiła przez całe lato. W półmroku za nimi milcząco stoją sąsiedzi w lnianych kapturach, a płomień świec odbija się w ich oczach, gdy szeptucha odwraca pierwszą kartę.
280	
281	Na spokojnej lustrzanej tafli płytkiej wody, pod nocnym niebem pełnym gwiazd i świetlistych kosmicznych pasm, siedzi w pozycji medytacyjnej samotna humanoidalna postać w ciemnej ceremonialnej tunice z kapturem, zanurzona do pasa w nieruchomej wodzie. Twarz w cieniu, dłonie złożone na kolanach w skupieniu, a nad głową unosi się bladobłękitny pierścień energii — kontakt z odległym umysłem. Wokół niej na powierzchni wody koncentryczne fale rozchodzą się od jej ciała w idealnym rytmie, niczym odpowiedź wszechświata na każdą myśl. W The Edge medytacja pod księżycem innego systemu gwiezdnego jest formą telepatii dalekiego zasięgu — umysł dociera tam, gdzie statki jeszcze nie poleciały.
282	Na wybrzeżu Nephalia w latarni Selhoff strażnicy tracą wzrok po zaklęciu rzuconym z ciemności. Ludevic, nekro-alchemik z Havengul, obserwuje efekt przez lunetę z laboratorium. Mgła z jego eliksiru odbija światło księżyca i oślepia patrzących. Gdy czar mija, mieszkańcy Selhoff szukają kozła ofiarnego wśród swoich.
283	Na skraju ruin Bodhum na Gran Pulse l'Cie z kryształowym kosturem klęka przy rannym strażniku Korpusu. Jej dłoń dotyka jego napierśnika, a wokół nich rozkwita tłumiąca kopuła z heksagonów wykutych przez fal'Cie Anima. Ogniste pociski psionów z Cocoon rozpryskują się na barierze, nie sięgając skóry obrońcy. Strażnik podnosi się z kolan, a blask Edenu odbija się w krysztale kostura, gdy tłumik magii milknie.
284	We wnętrzu kamiennego skarbca zamkowego, w ostrym padającym z góry świetle, na podłodze obok ciężkiej metalowej skrzyni rozłożony leży komplet złodziejskich narzędzi — cienkie wytrychy, haczyki, druciki, małe nożyki, składane sondy, szczypce, miniaturowe lusterko, szpulka cienkiego drutu. Każde narzędzie wypolerowane i na swoim miejscu w skórzanym zwoju, jakby używane przez mistrza, który wie, do czego służy każde. Na zamku skrzyni widać ślad niedawnego użycia — nieznaczne zadrapanie, świeże. W Faerûnie rzemiosło łotrzyka nie polega na sile ani magii, tylko na cierpliwości, a dobre wytrychy są jedynym elementem wyposażenia, który w Baldur's Gate warto polerować częściej niż własną reputację.
285	Na Esperze w Alarze vedalkeńscy rzemieślnicy zastępują narzędzia myślą. Rzeźbiarz etherium z Vectis formuje metal bez młota i kleszczy. Etherium płynie między jego palcami jak woda i zastyga w filigran. Dzięki takim mistrzom artefakty Esperu powstają szybciej i zużywają mniej zasobów katedr.
286	Na skalistej jasnej równinie The Edge pod niebem pełnym pastelowych chmur i świetlnych smug stoi drix-artificer — smukła obca sylwetka o gładkiej fioletowo-niebieskiej skórze, twarzy bez ludzkich rysów i jasnych świecących oczach. Strój i pancerz organiczno-techniczny: ciemne opływowe warstwy, szerokie naramienniki, wstęgi tkaniny unoszące się wokół w bezwietrznej przestrzeni. W uniesionych dłoniach formuje się długie półprzezroczyste ostrze ze świetlistej tkanki Weft — utkane z tej samej struktury, która łączy The Edge z rdzeniem rzeczywistości. Na pograniczu znanego kosmosu drixowie nie kują broni z metalu — splatają ją z samej tkaniny wymiaru, a kto dzierży Weftblade, trzyma kawałek świata, który ledwo wie, że jest bronią.
287	Na skalistym zboczu Tarkiru pod burzowym ciemnogranatowym niebem stoi Sarkhan Vol w chwili wybuchu drakońskiej furii — długie czarne włosy rozwiane na wietrze, twarz wychudzona, oczy świecące intensywnym pomarańczowo-czerwonym blaskiem. Ubrany w strój inspirowany stepową mongolską estetyką Tarkiru: skórzane pasy, warstwowe tkaniny, futrzany kołnierz. Wokół niego wybucha wir pomarańczowego i czerwonego ognia, formujący się w rozpostarte skrzydła smoka za jego plecami i spiralę iskier nad głową — jego duchowe połączenie z praojcami klanu, które powraca za każdym razem, gdy Tarkir o nich zapomina. Sarkhan nie walczy, by pokonać — walczy, by przypomnieć światu, że smoki są odpowiedzią, której jego plan od zawsze potrzebował.
288	Na doku Kolumny Wieczności nad Sothera Pinnacle cumuje Wedgelight Rammer, klinowy statek zwiadowczy o kadłubie z miedzi i światła. Gdy właz dziobowy otwiera się z sykiem, z komory fabrykacyjnej wychodzi bezbarwny robot o dwóch metrach wzrostu, niosąc rdzeń stabilizacyjny. Technik z Korpusu Taktycznego podłącza przewody zasilające, a kolejne impulsy ładują akumulatory, aż klin zaczyna drżeć przed lotem. W oddali Chaos Wall pulsuje błękitem, a cisza Quiet Wall przypomina załodze, że tylko pierwszy cios światła przebije pustkę.
289	W głębi Tangle na Mirrodinie phyrexiański elf druid klęczy przy korzeniu z miedzi, a jego rdzawe pnącza oplatają pień jak żyły. Z jego nadgarstka spływa kropla czarnego oleju, którą zbiera w zagłębieniu dłoni, by nakarmić glebę. Gdy dotyka ziemi, gleba pod paprocią ciemnieje od oleju, a metaliczne korzenie prostują się ku światłu. Glissa Sunslayer obserwuje z cienia i szepcze, że tylko Phyrexia pozwala elfom stać się prawdziwą częścią natury.
290	Na leśnej polanie Lorwyn między starymi dębami i omszałymi głazami z ognistego rozbłysku wyłania się flamekin — humanoidalny elementalny szaman zbudowany z płomienia i świetlistego dymu, smukły i dynamiczny, z wyraźnie zaznaczoną głową i ramionami płynnie przechodzącymi w falujące języki ognia. Jedno ramię unosi w górę, drugie wysuwa do przodu ku częściowo widocznej sprzymierzonej bestii na pierwszym planie — jej nogi spowija czerwono-złota fala przekazywanej energii, dodająca impetu. Wokół niego trzy pierścienie narastającej mocy świadczą o eskalacji wewnętrznego ognia. W Lorwyn flamekiny nie grają roli strażników jak elfy czy kithkini — są katalizatorami, którzy rozpalają innych, a kolejne tchnienie ognia zmienia zwykłego sojusznika w taran.
291	Na spustoszonym popielatym pustkowiu pod ciężkim szarym niebem stoi ogromna bestia o drapieżnej sylwetce — przerośnięte mięśnie pod chropowatą szaro-zieloną skórą, kostne narośla na grzbiecie, szeroka paszcza z nieregularnymi zębami. Z karku unosi się dymiąca chmura skażonego powietrza, a wokół stworzenia nie ma żadnego żywego organizmu — tylko porzucone hełmy, przewrócone włócznie i połamane chorągwie zasypane pyłem. W oddali na horyzoncie ta sama bestia pojawia się drugi raz w półprzezroczystej formie — zapowiedź jej następnego ukazania gdzie indziej. Na Alarze plaga nie przychodzi jako wybuch, tylko jako jeden krok bestii, której nie da się wypędzić — nawet gdy spadnie, wraca, bo skażenie nie pamięta, że zginęła.
292	W klasztorze nad przełęczą Qal Sisma młoda adeptka Jeskai klęczy przed trzema zwojami Mistrzów Drogi, które przetrwały smocze burze. Jej palce wybierają zwój z mapą Trzech Szczytów, a pozostałe dwa zwija i odkłada pod kamień ofiarny. Gdy wstaje, powiew wiatru z otwartego dojo unosi pył, a cień jej ćwiczebnego kija rozdwaja się na macie. Nad dachem krążą żurawie Ojutai, a echo dawnych mantr niesie się przez góry, gdy Droga znów staje się czytelna.
293	W mrocznej baśniowej komnacie Eldraine z czarnego kamienia i ostrołukowych arkad, na kamiennym piedestale, stoi ogromny kocioł ozdobiony motywami cierni, koron i róż. Wypełnia go świetlista gęsta substancja w kolorach różu, fioletu i perłowej bieli, nad którą unosi się spiralnie kilka półprzezroczystych sylwetek — smukły rycerz, dworska dama, jeleń o eleganckich rogach, ptak o rozpostartych skrzydłach — wspomnienia lub życia wyciągane z zapomnienia. Przy kotle stoi czarownica w haftowanej sukni z wysokim kołnierzem, wyciągnięte dłonie kierują wirującą magią, a na posadzce wokół leżą pierścienie, medaliony, miniaturowe portrety i zasuszone kwiaty. W krainie baśni Eldraine śmierć nigdy nie jest ostateczna dla tych, którzy zachowali choć jeden przedmiot — a ta czarownica ma w kotle więcej przedmiotów, niż większość ludzi ma imion.
294	Na prerii pod Red Gorge wiatr niesie suche krzewy pod prąd, a zielone iskry many zbierają je w wir. Z wiru podnosi się Tumbleweed Rising, żywiołak z gałęzi i kurzu, który przybiera posturę największego longhorna ze stada z Saddlebrush. Trzy kołki z zielonymi wstążkami, wbite rankiem przez zwiadowcę z Prosperity, drżą, gdy żywiołak nabiera kształtu. Jaszczurki i kojoty uciekają w nory, bo gdy chwasty toczą się pod wiatr, każdy na Thunder Junction wie, że trzeba biec.
295	W zaułku za kantyną w Tarnation strażnik Hellspur Dwayne staje nad płaszczem i kapeluszem, spod których unosi się zielona mgła. "Skończył zawracać nam głowę, wierz mi", mruczy Dwayne, kopiąc but leżący na deskach. W cieniu za beczkami ten sam rewolwerowiec w samej koszuli czołga się ku stajni, ciągnąc skrzynkę z łupem z napadu na Sterling. Mgła gęstnieje, a na deskach zostaje tylko pusty kapelusz, klucz do celi i rozsypane monety, gdy fałszywa śmierć staje się legendą.
296	W mrocznej hali ruin antycznej świątyni, w chłodnym oświetleniu chiaroscuro, między wysokimi filarami, stoi ogromna groteskowa istota przypominająca minotaura o nienaturalnych proporcjach — jedna strona ciała masywna i ciężka, druga wydłużona i smukła, twarz o zaburzonych proporcjach emanująca surową potęgą. Tors to warstwowy, organiczny pancerz o nieregularnej strukturze, skóra w odcieniach ziemi, grafitu i zaschniętej terakoty — złożona z różnych ciał i zszyta przez kogoś, kto niecodziennie bawił się anatomią. U stóp potwora rozrzucone ryciny anatomiczne, fiolki z miksturami i narzędzia kowalskie — warsztat eksperymentatora. W świątyniach zapomnianych bogów Khorne'a albo Malala takie twory nie są błędem — są celem, a ich asymetria jest znakiem, że stwórca doszedł do granicy, poza którą mistrz już nie wraca.
297	W skraju łąk Valeron stary leotau orisil o siwej grzywie odwraca się od sigili Bant i schodzi ku Szczelinom Jhessian. Zima osiada szronem na jego grzbiecie, a blizny na bokach bieleją w świetle gasnących latarni Akrasa. Pod kopytami trzeszczy czarny łupek, a wiatr niesie zapach żelaza z pól bitewnych, gdzie leotau zwykły umierać. Aarsil Błogosławiony zapisał, że nie ma chwały w śmierci ze starości, więc lew idzie tam, gdzie ziemia jest najostrzejsza.
298	W Białej Wieży Minas Tirith strażnik Cytadeli pociąga linę dzwonu alarmowego, a echo niesie się przez siedem kręgów miasta. W zbrojowni pod wieżą dwoje żołnierzy Gondoru w stalowych napierśnikach z Białym Drzewem chwyta włócznie z dębowego stojaka. Przez wąskie okno widać dym nad Pelennorem i migotanie sygnałowych ogni na Amon Dîn. Jak mrugnięcie, jak oddech, Gondor odpowiada na alarm, bo każdy mieszkaniec Białego Miasta zna brzmienie dzwonu oznaczającego zagrożenie od wschodu.
299	Na bagnach Farbog na Innistradzie nocą wąska ścieżka z płytkiej wody i czarnego błota prowadzi między martwymi drzewami i trzcinami. Na pierwszym planie idzie ludzka zwiadowczyni w szerokim spiczastym kapeluszu, skórzanym napierśniku i wysokich butach do brodzenia, z pasem sakw i prostym nożem przy biodrze. W uniesionej dłoni trzyma świecącą latarkę, której ciepłe światło rozpędza mgłę unoszącą się nad wodą, a druga dłoń dotyka amuletu na piersi — małego symbolu Avacyn. Wokół niej z bagnistej wody wyłaniają się ledwo widoczne zarysy niesprecyzowanych kształtów; zwiadowczyni idzie spokojnie, ale wyprostowana. Na Innistradzie odwaga nie jest brakiem strachu — jest tym, że idziesz do kolejnej świecy, zanim poprzednia zgaśnie, a Farbog zjadło już wiele latarni.
300	W kanionach pod Saddlebrush na Thunder Junction młoda kurierka Sterling Company dosiada osiodłanego gila biegacza, by zdążyć przed pociągiem do Prosperity. Jaszczur odbija się od czerwonej skały, a jego czarne łuski z pomarańczowymi żyłkami lśnią w słońcu, gdy kurz spod pazurów miesza się z parą pobliskiego Omenpathu. Z wysokiej iglicy obserwuje ich zwiadowca Hellspurów wysłany przez Akula Niepokutującego, szukający przesyłek z kluczami do Maag Taranau. Biegacz niesie jeźdźca szybciej niż koń, bo na tej równinie tylko ten, kto pierwszy zobaczy horyzont, może sięgnąć po szansę ukrytą za kolejnym zakrętem.
301	W zaułku Ninth District na Ravnicy młoda bezgildyjna z Ruchu Gateless klęka przy bezdomnym psie i kładzie dłoń na jego obroży. Na murze za nimi widnieje świeże graffiti „The Gateless have risen. The Ten shall fall”, a wokół dziesięciu symboli gildii pulsuje biała poświata. Patrol złożony z azoriusowego prawnika i gruulskiego pogromcy próbuje podejść, lecz światło odpycha ich dwukolorowe płaszcze jak niewidzialna tarcza. Pies wstaje spokojnie, bo w mieście, gdzie każdy kolor oznacza przysięgę, bezbarwna ochrona Gateless staje się jedyną obroną przed gildiami.
302	W górnej czytelni Candlekeep na Wybrzeżu Mieczy młody skryba z zakonu Oghmy obraca w dłoniach błękitną sferę z ruin Netherilu. Na dębowym stole leżą obok niego starożytny klucz z Myth Drannor, zardzewiały tryb z Lantan i porzucona zabawka z Waterdeep. Światło sfery odbija się w jego ogolonej głowie, gdy odsuwa na bok dwa zwoje, by zrobić miejsce na kolejny artefakt. Westchnienie zawodu miesza się z ciekawością, bo w Candlekeep nawet pomyłka jest częścią porządkowania wiedzy pozostawionej przez Mystrę.
303	W wąskim korytarzu lasu Yavimaya, między olbrzymimi korzeniami i białawymi pniami, z mglistego zielonego półmroku wyłania się niewielki leśny elemental — zbita forma z żywego mchu, korzeni, liści i świetlistej zielonej zarodni. Główna masa ciała niska i płynna, z wydłużonym opadającym pyskiem z cienką linią drobnych bioluminescencyjnych punktów, a z grzbietu wyrastają krótkie pnącza unoszące się w ruchu. W szczelinie gałęzi, którą przeciska się bestia, widoczne są ślady stóp i nawis żywicy z drzewa — podążał za kimś, kto już tędy przeszedł. W Argoth, w czasach Wojny Braci, Yavimaya pamięta, kto ją zranił — a jej mniejsi prowlerzy dokładnie śledzą ścieżki inżynierów Urzy, zanim wyższe drzewa postanowią coś większego.
304	Na tarasie treningowym Kasarna pod koroną Vitu-Ghazi Alcarus ustawia trójkę sagittarów Konklawe przeciwko drakonom wypuszczonym znad wież Izzet. Każdy z elfów trzyma przy pasie zwiniętą mapę Dziesiątej Dzielnicy, bo w Selesnyi celuje się pamięcią ulic, nie okiem. Gdy cięciwy zostają puszczone, ich drżenie zgrywa się z pulsem Mat'Selesnyi, Duszy Świata czczonej w każdym ogrodzie Ravniki. Salwa wznosi się ponad iglice Nivix i opada na skrzydlate sylwetki, osłaniając wiernych i ich wspólnoty przed najazdem z nieba.
305	W wirującej przestrzeni Maelstromu na Alarze — bezkresnej burzy mgły, światła i unoszących się odłamków skał w fioletach, różach, błękitach i bursztynach — unosi się demoniczna istota o smukłej drapieżnej sylwetce. Jej wielkie skrzydła zbudowane z półprzezroczystego cienia, długi ogon i zakrzywione rogi przechodzą miejscami w dym lub kolorową poświatę — krawędzie jej ciała rozpływają się w świetle. Przez jedno skrzydło i bark przechodzi strumień bursztynowego światła, a dolna część ręki, fragment ogona i kawałek skrzydła zaczynają rozpadać się na świetliste drobiny — jakby sama obecność była nietrwała. Maelstrom Alary nie rodzi prawdziwych demonów — rodzi błędy światła, które wyglądają jak demony, a pokonanie jednego z nich nie znaczy, że któryś drugi nie wyłoni się za tobą za kilka uderzeń serca.
306	Ilori, merfolk sokolnik z wybrzeży Tazeem, brodzi przez cofającą się wodę Roilu wraz ze swoim wyszkolonym sokołem. Przed nim z piasku wyłania się hedron, czarny kamień Korów ze Skyclave Emerii, którego błękitne żyły pulsują maną Zendikaru. Merfolk klęka i odciska kształt run na woskowej tabliczce, bo każde odsłonięcie dna jest dla jego ludu mapą do zatopionych tajemnic. Nad nimi krąży welkin tern, a na horyzoncie unoszą się odłamki Emerii, dowód że Roil niszczy, lecz zawsze prowadzi do ukrytych skarbów.
307	W prastarych, niezmierzonych ostępach lasu Fangorn najstarsi Pasterze Drzew strzegą tajemnic pamiętających jeszcze Pierwszą Erę Ardy. Ze spękanej kory potężnego olbrzyma tryskają źródlane kaskady rzeki Entwy, nasycając ziemię życiodajną esencją i budząc uśpione siły prastarej puszczy. Na powolny gest jego omszałego ramienia okoliczne huorny budzą się do życia, z chrzęstem wyrywając korzenie ze skał i stając ramię w ramię z leśnymi duchami. Ten majestatyczny strażnik stworzony z woli Yavanny prowadzi ożywiony las do walki z każdym mrokiem, który zagroziłby nienaruszonym puszom Śródziemia.
308	W wysokiej kamiennej kaplicy poświęconej Tyrowi na Wybrzeżu Mieczy, w chłodnym białym świetle padającym przez ostrołukowe arkady, na podwyższonym postumencie spoczywa wielki miecz ceremonialny o długim, idealnie wypolerowanym ostrzu. Jelec masywny i prosty, rękojeść owinięta ciemną skórą, przy głowicy przywiązana cienka czerwona wstęga. Pod postumentem rozłożona tkanina heraldyczna w głębokim błękicie z tarczą przedstawiającą stylizowaną wagę Tyra w jasnym metalu na czerwonym polu. Tyr, Ślepy Sprawiedliwy, nie trzyma miecza przez swoich kapłanów — trzyma go przez relikwię, która czeka, aż wezwie ją właściwa dłoń, a w Faerûnie na tę dłoń czekano już przez kilka pokoleń paladynów.
309	W Havengul w Nephali uczony z uniwersytetu prowadzi nocne badania nad opanowaniem gniewu w czasach, gdy Kościół Avacyn traci ochronę po zniknięciu archanioła. Jego biurko tonie w traktatach o wilkołakach z Kessig i wampirach z Markov, spisywanych dla katedr w Thraben. Gdy mgła z portu wpełza przez witraż, w lustrze za plecami uczonego odbija się cień o nabrzmiałych mięśniach i zaciśniętych pięściach, znany w kronikach jako Homicidal Brute. Uczony poprawia okulary i notuje kolejną obserwację, podczas gdy na podłodze rozlewa się atrament z przewróconego kałamarza.
310	Na skraju Krosy w Otarii wiewiórka zmutowana mocą Mirari wydaje ostry terkot z pnia naznaczonego runami Setona. Z podszycia odpowiada jej druga, mniejsza, niosąc w pysku odłamek chityny nantuko zabitego podczas najazdu łowców z Cabal. Druidzi z kręgu Kamahla obserwują z ukrycia, jak zwierzęta, niegdyś płochliwe, teraz bronią granic lasu po skażeniu artefaktem. Las odpowiada chatterem, a każdy dźwięk niesie echo szaleństwa, które Mirari zasiało w sercu Dominarii.
311	W zaułku za tawerną Pod Elfą Pieśnią w Dolnym Mieście Baldur's Gate tiefling w kapeluszu z fioletowym piórem opiera się o wilgotny mur. W prawej dłoni ściska zakrzywiony sztylet Gildii, a w metalowej protezie chowa złożony rozkaz z pieczęcią Nine-Fingers Keene. Za jego plecami w izbie wybucha bójka, którą sam sprowokował, przewracając kufel na stół najemników z Płomiennej Pięści. Gdy strażnik dobywa halabardy, zabójca upuszcza pergamin do rynny, wiedząc że nawet jego śmierć dostarczy Gildii kolejną kartę w grze o Wrota.
312	Na czerwono-brązowej skalistej półce nad pustym wąwozem stoi goblin wojenny trefniś w groteskowej, teatralnej pozie — niski, chudy, o długich spiczastych uszach i wyolbrzymionym złośliwym uśmiechu z ostrymi zębami. Absurdalny strój łączy elementy błazna i wojennego przebrania: postrzępione futrzane naramienniki, asymetryczne ochraniacze z kości, rozczochrana biaława peruka. Ramiona rozrzucone szeroko, palce powykręcane w prowokującym geście, jedna noga wysunięta na krawędź skały — goblin tańczy i wygłupia się, specjalnie wystawiając się na widok wrogów w wąwozie poniżej. W plemionach Krzywego Księżyca trefniś nie walczy — ściąga na siebie uwagę, żeby większe gobliny mogły zajść wroga od tyłu, a jego niezniszczalność wynika głównie z tego, że nikt nie wie, jak trafić w coś, co tak dziwnie tańczy.
313	Na organicznym pustkowiu koszmarów na kontynencie Otaria, zbudowanym z falujących cielistych wydm i skręconych rurkowatych form zamiast normalnego krajobrazu, stoi wysoka nieludzka istota koszmarna o wydłużonym torsie i wielu cienkich segmentowanych kończynach. Dolna część ciała to pająkowaty wielonożny stelaż na ostrych chitynowych nogach, z którego wyrasta zbyt długa sylwetka drapieżnika z sierpowatymi dłońmi na końcach przesadnie długich ramion. Zamiast twarzy gładka bezrysowa powierzchnia z jedną ciemną szczeliną pośrodku — miejsce, w którym rysy innych są właśnie wchłaniane. W epoce Koszmarów na Otarii Faceless Butcher nie zabija ofiar z agresji — zastępuje je, bierze ich miejsce w rzeczywistości, a ich bliscy jutro rano nie zauważą, że ktoś zniknął.
314	W zrujnowanej podziemnej bibliotece Altdorfu, wśród przewróconych regałów, rozsypanych zwojów i wirujących w powietrzu luźnych kartek, stoi wychudzony mag o bladej skórze i krótkim postrzępionym czerwonym irokezie, z nagim torsem, prostymi bransoletami i pasami materiału wokół talii. Jedną ręką unosi otwartą księgę, drugą rozrzuca kartki — gorączkowo wydobywa z ruin zapomniane zaklęcia, a na jednej ze stron migocze świecący ogień czerwonej runy. W powietrzu wokół niego tańczą wyrwane fragmenty pism tworzące spirale — chaos nie jest dla niego przeszkodą, tylko paliwem. W Starym Świecie rewolucjoniści z Jasnego Kolegium nie odbudowują archiwum po inwazji Chaosu — grzebią w nim po swojemu, wyciągając tylko to, co pozwoli im spalić ten sam system następnego wieczoru.
315	Wąska miejska ulica na Ravnicy zamieniona w zalany kanał po awarii infrastruktury — poziom brudnawej wody sięga kolan, niesie luźne kartki, księgi, deski i skrzynki. W centrum kadru starszy uczony w ciężkim bordowym płaszczu brodzi przez wodę, przyciskając do piersi kilka ksiąg, obok niego młodsza osoba niesie wysoko stos książek, a w tle kolejna postać wynosi ocalałe przedmioty po schodach. Z pękniętego kanału wypływa stały strumień wody, rozmywając zapiski i formuły magiczne. Na Ravnicy gildia Dimir wie, że każda powódź jest okazją — to, co nie zdążyło zostać uratowane, trafi do archiwum, którego miasto oficjalnie nie zna, a magowie umysłu od dawna nauczyli się, że woda zapomina szybciej niż człowiek.
316	Na jesiennej leśnej polanie Otarii, wśród pomarańczowych i złotych liści, stoi dziwna koszmarna jaszczurka o płazio-gadnim ciele i intensywnie niebieskiej wilgotnej skórze, z falującymi wyrostkami czułkowatymi na głowie. Zwierzę nie atakuje — przed nim w powietrzu widać zniekształcenie przestrzeni w kształcie ciemnoniebieskiej falującej szczeliny, która wciąga fragment leśnej polany: kawałek ziemi z trawą, kamieniami, drobnym krzewem. W szczelinie kontur wchłanianego terenu migocze jak złożony na pół papier, znikając w pysku jaszczurki. W czasach Sądu na Otarii niektóre koszmary nie karmią się ciałem — karmią się miejscem, a gdy Wormfang skończy polowanie, kawałek twojego świata po prostu nie istnieje już tam, gdzie był rano.
317	We wnętrzu drewnianej dzwonnicy gotyckiej wioski na Innistradzie dorosły mężczyzna w ciemnym kaftanie szarpie grubą linę wielkiego żelaznego dzwonu — ciało pochylone do tyłu od wysiłku, ręce wysoko, lina napięta, sam dzwon wychylony w pełnym ruchu. Obok przy balustradzie drugi mieszkaniec z pochodnią wychyla się na zewnątrz, wskazując w mrok poza wioską. Przez otwory dzwonnicy widać dachy domów, mglisty zmierzch i nikłe światła w oknach — a na placu poniżej małe sylwetki mieszkańców zaczynają wychodzić z domów, odwracając się w stronę alarmu. W Gavony dzwon nie woła do modlitwy — woła do broni, a kto znajdzie w sobie siłę, by go uderzyć jeszcze raz, ocali jeszcze jeden próg pod dzisiejszym świtem.
318	Masywna miejska brama w Baldur's Gate, zbudowana z jasnego kamienia w stylu poświęconym Gondowi — bogowi wynalazków i rzemiosła — z wysokim łukiem przejazdowym i ciężkimi podwójnymi wrotami częściowo otwartymi. Nad łukiem i po bokach widoczne złożone mechaniczne detale: koła zębate, przeciwwagi, metalowe pierścienie, dźwignie, ozdobne panele techniczne i symbole Gonda wkomponowane w kamień. Przez mur biegną przewody, rury i cięgna poruszające mechanizmem otwarcia wrót, a przy filarach stoją wnęki na lampy i tablice ogłoszeń. W Faerûnie nie każde miasto potrafi zbudować bramę, która sama się otwiera — Gond Gate działa na zasadach, których nie rozumie nawet każdy rzemieślnik cechu, a wrota otwierają się tylko dla tych, których mechanizm uzna za godnych.
319	Na górskiej przełęczy w świecie Final Fantasy VII, między stromymi poszarpanymi skałami, biegnie zielony górski chocobo — duży ptak o intensywnie zielonych piórach, żółtym dziobie i pomarańczowo-brązowych nogach, z pióropuszem sterczącym do tyłu od pędu. Uchwycony w dynamicznym skoku z jednego skalnego stopnia na drugi, pod łapami wzbija drobny żwir i kurz. Po lewej stronie kadru widać dłonie podróżnika w skórzanych rękawicach trzymające rozwiniętą mapę z narysowaną ścieżką górską i notatkami Chocobo Sage'a. Górski chocobo nie idzie tam, gdzie idzie zwykły transport — znajdzie drogę przez kanion, której żadna karawana by nie zauważyła, a Cloud i drużyna nauczą się, że niektóre skarby Północnego Krateru czekają tylko na tego, kto wie, jak zagwizdać.
320	Na kościanych wydmach Kederekt w Grixis Infectious Horror unosi się nad polem, gdzie armie Sedrisa Zdrajcy Króla starły się z demonami Malfegora. Trzy owalne głowy otwierają wąskie szczeliny, a z ich wnętrza wypływa zielonkawa para, która odbiera siły każdemu żywemu w zasięgu. Nekromanci z Vithii cofają się, bo nawet ich ożywieni słudzy słabną, gdy horror przechodzi, zostawiając za sobą jedynie suchy pył. W Grixis, gdzie nikt nie umiera ze starości, ten atak przypomina wszystkim, że życie jest tylko walutą dla nieumarłych.
321	Na Tarkirze po zwycięstwie Dromoki ainokowie z dawnych domów Abzanu służą w jej armii. Artylerzysta z rodu Ainok obsługuje balistę zbudowaną z drewna świętych gajów. Drzewa przodków, niegdyś czczone przez Abzan, teraz dostarczają materiału na broń przeciw smokom. Sarkhan Vol patrzy na te machiny i wspomina Tarkir, który znał przed zmianą czasu.
322	Na Therosie po nocnej zabawie w Skotios pierwszy satyr budzi się przed innymi. Przewodnik z plemienia Xenagosa rozkłada mapę i szuka miejsca na kolejny revel. Rozgarnia ziemię i odsłania cztery znaki, z których wybiera tylko ten wskazujący źródło. Resztę znaków odrzuca w cień, by nikt nie podążył złą ścieżką.
323	
324	
325	
326	Nad Kociołkami Mirrodinu Bone Shredder unosi się na fioletowych błonach niesiony prądem z rdzenia. W chwytaku niesie jasny fragment zebrany z porzuconej konstrukcji myr pozostawionej przez Karna. Nadzorcy z pieców wysyłają go, by usuwał istoty nie niosące znaku Phyrexii zgodnie z wolą Yawgmotha. Gdy opada, echo jego obecności odbija się w metalowych ścianach, zanim maszyna zamilknie.
327	
328	
329	
330	Na Kaldheimie podczas Doomskaru otwiera się Omenpath między krainami. Olbrzymy z mroźnych rubieży wkraczają na równinę Feltmark w Bretagardzie. Klan Beskir pod wodzą Sigrid zbiera tarcze przy Beskir Hall. Inwazja zostaje zapisana w sadze, którą skaldowie śpiewają przy ogniskach od Aldergardu po wybrzeże.
331	W dziupli Vitu-Ghazi w sercu Ravnicy stoją trzy siostry Trostani, Oba, Ses i Cim, połączone u podstawy, lecz zwrócone w trzy różne strony. Ses patrzy w stronę Wielkiej Alei, gdzie zbiera się Senat Azorius, Oba unosi wzrok ku koronie drzewa Mat'Selesnyi, a Cim opuszcza głowę ku korzeniom. Obok nich na kamiennym bruku stoją dwaj żołnierze Selesnyi w białych płaszczach, każdy trzyma włócznię z liściastym grotem i stoi bliżej innej siostry. Liście opadają między nimi, a światło z góry dzieli ich sylwetki, gdy Konklawe czeka na głos, który nie potrafi zabrzmieć jednym tonem.
332	
333	
334	
335	Na placu gotyckiego miasteczka Innistradu tuż przed nadejściem burzy stoi drewniana tablica ogłoszeń i masywny dzwon alarmowy na belkowanej konstrukcji. Przy tablicy miejski kapitan straży w płaszczu i trójgraniastym kapeluszu trzyma rozwinięty zwój, wskazując na mapę miasta przypiętą do desek. Wokół niego zbiera się tłum mieszczan: piekarz w fartuchu, kowal z rękawicami, rybak, młoda kobieta z koszem, starszy mężczyzna z laską — dwie osoby właśnie dołączają z pośpiechem, twarze zatroskane, ale zdecydowane. Na Innistradzie zebranie mieszczan nie jest uroczystością — to ostatni moment przed zamknięciem okiennic, a kto nie stawi się przed dzwonem, nie zasiądzie jutro do wspólnego stołu.
336	
337	Na skalistej jasnej grani wzgórza Theros stoi ludzki hoplita w brązowo-złotym kirysie, ze skórzanymi pasami i nagolennikami, na głowie hełm z grzebieniem. W lewej ręce trzyma wielką wypukłą tarczę w kształcie migdała z centralnym symbolem słońca — w tarczę uderza bardzo silny promień światła, który odbija się w stronę przeciwnika jako klin jasnych, biało-złotych smug. Na ziemi po prawej stronie sylwetka wrogiego wojownika w półobrocie zasłania twarz dłonią, oślepiona odbitym blaskiem. W Meletisie tarczownicy Helioda walczą nie siłą ramienia, lecz cierpliwością — czekają, aż słońce stanie po ich stronie, i w tej jednej chwili tarcza staje się ostrzem ostrzejszym niż każdy miecz.
338	
339	W bogatej renesansowej galerii sztuki w Waterdeep, w długim eleganckim korytarzu z czerwonymi ścianami i złotymi listwami, idzie młoda smocza arystokratka-dragonborn w przesadnie wystawnej różowej sukni z gorsetem, falbanami i białymi koronkami, w szerokim kapeluszu z piórami. Jej łuskowata twarz o zadartym nosie wyraża zadowolenie, w jednej dłoni trzyma ciężką złoconą ramę obrazu, jakby właśnie zdjęła ją ze ściany; druga dłoń unosi się w geście mecenasa. W niszach wokół marmurowe rzeźby, na ścianach kolejne obrazy w złoconych ramach. W Waterdeep patronat sztuki nie polega na kupowaniu — polega na zabieraniu tego, co chce się zabrać, za odpowiednią cenę, a dragonborn z klanu kupieckiego wie, że kolekcja jest dopiero wtedy kompletna, gdy trzy następne ramy wiszą już na jej ścianie.
340	
341	
342	W bagiennej dolinie Naya-Jund pogranicza Alary, w podmokłym terenie pełnym czarnej wody, mchów i porzuconych fragmentów obozowiska, wynurza się ogromny wurm o grubym wężowatym ciele w rdzawo-brązowej barwie, pokrytym chropowatą łuską. Jego masywna głowa z kościaną jasnoszarą maską-pancerzem wieńczona jest zakrzywionymi kolcami jak korona, a paszcza rozwarta ukazuje rząd zębów i ciemne wnętrze. Ciało układa się w wielką literę S, oplatając kępę mchu i wystające korzenie. Na Alarze bagienne wurmy pograniczy Naya nie polują na stada — polują na obozy, a pokazują się dopiero wtedy, gdy już połknęły jeden z namiotów, by kolejny mieszkaniec mógł je zobaczyć z wewnątrz paszczy.
343	W cienistych gęstwinach doliny Glen Elendra, gdzie wieczny mrok Shadowmoor zniekształca dawne piękno, śmierć rzadko gwarantuje ostateczny spoczynek. Trzy faerie ze złośliwego roju unoszą się nad martwym kithkińskim pogranicznikiem z Safehold, tkając wokół jego ociężałych stawów niewidzialne nici ze świetlistego jedwabiu. Ołowiana, pokryta mchem zbroja cicho zgrzyta, gdy małe dłonie latających tkaczy zmuszają potężne ramiona poległego do ponownego chwycenia za oręż. Choć ciało wojownika jest jedynie bezwolną lalką, jego powrót na pole bitwy w imię kaprysów Królowej Oony niesie fizyczne i psychiczne zniszczenie w szeregach jego dawnych sojuszników.
344	Na skalistej arenie The Edge z czerwonobrązową ziemią i pęknięciami w kamiennych płytach stoi masywny wojownik kavu — potężna humanoidalna istota o gadziej oliwkowej skórze i jaskrawo-niebieskich wyrostkach przypominających kolce na głowie i podbródku. Ubrany w ciężką segmentową zbroję płytową w kolorach rdzy i pomarańczu, w dłoniach dzierży parę zakrzywionych ostrzy świecących neonową zielenią. Unosi je krzyżowo, a z miejsca kontaktu wybucha fala czerwonej energii rozchodząca się we wszystkie strony — nie uderzenie w jednego wroga, lecz krąg bólu obejmujący całą arenę. Na The Edge Kombinat Uthros uczy swoich wojowników, że ból dystrybuowany równo to najuczciwsza forma walki, a kavu-mistrz nie pyta, kto jest sojusznikiem — jego ostrza tego nie rozróżniają.
345	W sterylnych, przypominających żebra korytarzach Aneksu na zrujnowanym Mirrodinie, kapłan Izathel w ciszy podziwia swoje najnowsze arcydzieło. Zaprojektowany do błyskawicznej eliminacji heretyków legionista zeskakuje z heksagonalnych sklepień z gracją całkowicie przeczącą jego biomechanicznej, zabójczej naturze. Jego lśniący, perłowobiały pancerz, wyhodowany ze spreparowanych tkanek niewiernych, zapewnia maszynie niesamowitą lekkość i bezwładność przy każdym ciosie. Zanim ocalali z oporu zdążą w ogóle podnieść swój oręż, asymetryczne ostrza Ortodoksji Maszyn bezszelestnie przecinają chłodne powietrze bazyliki, wymierzając ostateczną wolę Elesh Norn.
346	Na Mirrodinie po zwycięstwie Phyrexii komory lęgowe Seedcore produkują nowe formy życia. Necrosquito rodzi się z dwoma kroplami oleju w odwłoku. Gdy inny konstruktor lub artefakt upada, owad zbiera wyciek i rośnie. Każdy poległy Mirranin karmi rój, a rój niesie compleation dalej.
347	We wnętrzu sterylnej białej kuźni-świątyni na Mirrodinie, z gładkimi metalowymi ścianami i mlecznobiałym światłem padającym z góry jak z oculusu, unosi się w powietrzu czysty talizman — niewielki symetryczny artefakt z perłowego metalu złożony z wygiętych segmentów tworzących zamknięty obły kształt. W jego wnętrzu ciemniejszy owalny rdzeń jak polerowany obsydian, a wokół talizmanu krążą bardzo cienkie białe linie energii tworzące stabilne pole mocy. Pod artefaktem na posadzce świetlisty symbol czterech kolorów zbiegający się w jeden — harmonijny punkt równowagi. W Nowej Phyrexii większość artefaktów infekuje lub zjada — Pristine Talisman robi coś przeciwnego, leczy tego, kto go dotknie, bo ktoś w ruchu oporu Mirran jeszcze pamięta, jak wygląda metal, który nie kłamie.
348	
349	Na rozległej pustyni o barwie bladego różu i piaskowego złota, gdzie wiatr tnie powierzchnię wydm, z piasku wynurza się sliver — obca segmentowana istota o wijącym się ciele w kolorach kości słoniowej i szarości, z ostrymi haczykowatymi kończynami i cienkimi wyrostkami na głowie. Przednie kończyny wbite w piasek jak kotwice, tułów uniesiony, ogon zatopiony w wydmie; na pancerzu widoczne są zgrubienia i narastające warstwy płytek — pancerz pogrubia się z każdym cyklem. W dalszym planie inne slivery w różnych odległościach, częściowo zasypane piaskiem, wszystkie w spokojnej pozie przetrwania. Na Dominarii po kryzysie Szczelin slivery nauczyły się, że agresja nie jest potrzebna — wystarczy trwać, a ziemia sama zacznie rodzić następne pokolenie na nie.
350	
351	
352	W podziemnym sanktuarium na Dominarii, ukrytym przed wojną Urzy i Mishry, Ewangelista Syntezy udziela błogosławieństwa metalu i oleju. Klęczący przed nim akolita przyjmuje święty dar Gixa, czując, jak jego słabe ciało ustępuje miejsca doskonałej, mechanicznej formie. Krople lśniącego oleju spływają z palców Ewangelisty, pieczętując pakt i rozpoczynając nieodwracalną transformację, która jest pierwszym szeptem nadchodzącej ery Phyrexii. Dla zgromadzonych kultystów nie jest to akt zniszczenia, lecz narodziny—prawdziwa synteza tego, co boskie i tego, co śmiertelne.
353	
354	W wielkiej sali biesiadnej na mrocznym fragmencie Alary, przy długim stole z ciemnymi kotarami i przyćmionym światłem świec, na końcu siedzi Sedris — sylwetka w koronie i ciężkim płaszczu, twarz w cieniu, dłoń wyciągnięta nad stołem w geście wyroku. Nad środkiem blatu unosi się eteryczny symbol wagi — dwie szalki ze świetlistych linii, na jednej kilka znaków reprezentujących istoty, na drugiej tylko jeden, najsłabszy, wyraźnie podświetlony. Na blacie pod tym znakiem stoi drobna przestraszona istota otoczona pierścieniem czarnej poświaty, z której spływa ku niej smuga ciemnej energii — postać zaczyna rozpadać się w ciemne cząstki. Na Grixis biesiada Sedrisa nie jest ucztą — jest sądem, w którym zdradzieckiemu władcy wystarczy jeden gest, by najsłabszy przy stole przestał istnieć między zupą a deserem.
355	W tajnym warsztacie renegatów, głęboko w trzewiach Ghirapuru, Pia Nalaar wreszcie odnajduje swoją córkę, Chandrę. Na stole roboczym Chandra porzuca ciężar przeszłości — swoją zbroję i pamiątki po latach samotności, które do tej pory definiowały jej gniew. Zamiast nich, matka pokazuje jej nową drogę, przyszłość zaklętą w planach rebelii i lśniącym eterem wynalazku, który mają zbudować razem. W tym cichym spotkaniu lata rozłąki i fałszywych przekonań znikają, zastąpione obietnicą wspólnej walki o wolność dla całego Kaladesh.
356	
357	
358	Na skalistym grzbiecie The Edge pod kosmicznym ciemnym niebem z gwiazdami i wielkim płonącym pierścieniem energii w kolorach pomarańczu stoi kavu-żołnierz — masywna baryłkowata sylwetka o łuskowatej skórze i kostnej kryzie wokół szyi z zachodzących na siebie jasnych płytek. Na czubku głowy biegnie grzebień z turkusowych piór skierowanych do tyłu, na ciele ciężki czerwono-miedziany pancerz; trzyma nad głową długą broń drzewcową z trójzębnym grotem świecącym zielonkawo. Za nim dwaj inni kavu zmęczeni wysiłkiem — jeden klęczy oparty o trzonek broni, drugi pochylony na tarczy — a nad barkami głównego kavu trzy świetliste żółto-pomarańczowe znaki tworzą łuk. Frontline War-Rager Kombinatu zbiera na siebie ciosy, które miały spaść na towarzyszy — na The Edge jest tam, gdzie linia jest najcieńsza, bo wie, że jego kryza zniesie więcej niż czyjaś szyja.
359	
360	W ciasnej pracowni naukowej akademii, na ciężkim drewnianym biurku zawalonym mapami nieba i mosiężnymi przyrządami alchemicznymi, siedzi w głębokim fotelu starszy uczony z krótką siwą brodą w grubym oliwkowym dublecie z aksamitnymi wstawkami. Oczy szeroko otwarte, na twarzy maluje się nagłe zrozumienie, głowa uniesiona lekko w górę. Na wysokości jego wzroku unoszą się dwa prostokątne arkusze pergaminu świecące wewnętrznym błękitnym światłem, a przed nimi porusza się sterczące pionowo ptasie pióro, które samo zapisuje runiczne znaki. W Oxenfurcie inspiracja nie zawsze wygląda jak zaklęcie — czasem jest po prostu chwilą, w której pióro samo wie, co napisać, a uczony wie, że przez najbliższe sześć godzin nie może mu przeszkadzać.
361	
362	W porzuconej strefie warsztatowo-wykopaliskowej w lesie Argoth, pośród popękanych płyt i przewróconych metalowych rusztowań, z zapadniętej wnęki wydobywa się mechaniczny małpi konstrukt — artefaktowa istota o długich ramionach, zgarbionym torsie i masywnych dłoniach. Pancerz segmentowy w odcieniach stali i turkusu, głowa gładka z okrągłą biało-niebieską soczewką sensoryczną, przedramiona zamiast dłoni zakończone wydłużonymi narzędziami konstrukcyjnymi. Po lewej stoi większy sprzymierzony automat-strażnik, a małpi konstrukt kieruje ku niemu dwa strumienie zielonkawej energii — na napierśniku automatu osiadają dwie małe świetliste płytki jako nowe moduły wzmocnienia. W Wojnie Braci Urza i Mishra zostawili na Argoth dziesiątki takich warsztatów — niektóre konstrukty nie zgasły po upadku swoich twórców, a nocami wciąż łatają siebie nawzajem, nie wiedząc, że wojna się skończyła.
363	
364	
365	
366	Na jasnej polanie Lorwyn u podnóża wysokiego wapiennego klifu, wśród trawy i białych kwiatów z trzema smukłymi menhirami w tle, po lewej stoi elficki wojownik w dopasowanej zielonej zbroi z liściastymi ornamentami, trzymający oburącz włócznię na wysokości torsu. Wokół jego przedramion i grotu świeci szmaragdowa aura w postaci symetrycznych liściastych znaków zebranych w jeden punkt na końcówce broni. Po prawej kamienno-korzenny strażnik o sylwetce drapieżnego zwierzęcia, zbudowany z płyt skalnych i mchu, z pyska wystają zęby — w miejscu kontaktu ostrej smugi zielonej energii powstaje jasny rozbłysk, a z jego barków odrywają się świetliste zielone liście-iskry. W Lorwyn elfowie nie walczą brzydko — każdy ich cios jest perfekcyjnie uformowany jak liść, a kamienne bestie dzikich krain zostawiają w trawie tylko to, co zgubiły.
367	W nocnym zniszczonym zagajniku Zendikaru gobliński szaman o drobnej żylastej sylwetce tańczy na kamieniu, z jednym kolanem uniesionym wysoko. W jednej łapce trzyma dużą grzechotkę z drewnianego trzonka, sznurków, miedzianych kółek, wysuszonych strąków i dzwoneczków — wokół niej rozchodzą się czerwono-pomarańczowe smugi dźwięku jako faliste linie. Po lewej stoi sprzymierzony ludzki zwiadowca w skórzanej zbroi z włócznią — pod wpływem rytmu prostuje się, a wokół jego klatki piersiowej pojawia się krótka intensywna aura rozżarzonej czerwieni. Nad drzewami w tle unoszą się lewitujące kamienne odłamki i kanciaste hedrony pod dziwnymi kątami — na Zendikarze gobliński szaman nie leczy ran tańcem, tylko pompuje w sojuszników furię, której starczy na uderzenie silniejsze, niż wskazuje na to ich własna miara siły.
368	
369	
370	W regionie Mephidross na Mirrodinie, w metalicznym bagnie z czarną oleistą wodą i poskręcanymi drzewami z żelaza i ciemnego mycosynthu, stoi samotny czarnoksiężnik w długim ciemnym płaszczu z kapturem. Jedną dłoń wyciąga do przodu, drugą trzyma przy piersi przy amulecie z obsydianowym oczkiem — z wyciągniętej dłoni wychodzą liczne wstęgi zielonkawo-czarnej energii oplatające półprzezroczystą sylwetkę humanoida na brzegu bagna. Z tej mlecznej aury odrywają się świetliste punkty płynące wzdłuż pasm energii do czarnoksiężnika i zbierające się w jego amulecie, który rozjaśnia się od środka. Na Mirrodinie nekromanci Mephidross nie potrzebują ciał — wystarczy dusza, którą można wycisnąć na kropelkach, a każda przedłuży ich własne życie o tyle, ile w tej ofierze było jeszcze do wypicia.
371	
372	Na skalistym płaskowyżu Tarkiru, w pobliżu ruin dawnego smoczego sanktuarium, na niskim kamiennym postumencie spoczywa relikwia w kształcie wielkiej skamieniałej smoczej szczęki — dwa łuki żuchwy z jasnoszarego kamienno-kościstego materiału z długimi zakrzywionymi zębami tworzącymi okrągły pierścień. Na zębach osadzone złote obejmy z zielonymi i turkusowymi kamieniami, a wokół postumentu wyryty krąg runiczny z pięcioma znakami w kolorach pięciu klanów. Trzech wojowników z różnych klanów dotyka relikwii — nad pierścieniem zbiegają się trzy strumienie energii tworzące wirującą kulę światła, z której zaczyna formować się półprzezroczysty zarys smoka z warstw pięciobarwnego blasku. Na Tarkirze po powrocie smoków ich relikwie przestały być pamiątkami — stały się bramami, a pięć klanów musi wrócić razem do jednego postumentu, by przywołać jednego praojca.
373	W sypialni na opustoszałych przedmieściach Duskmourn, manifestacja czystego strachu narusza cienką barierę między snem a jawą. Z pustego łóżka unosi się jeszcze echo strachu dziecka, które stało się ofiarą-kotwicą, by przywołać ten koszmar do istnienia. Teraz, zrodzony z tego lęku byt unosi wrogiego żołnierza ku wirującemu w suficie obliczu, wciągając go w nicość, z której nie ma powrotu na pole bitwy. Gdy koszmar wreszcie przeminie, obie porwane dusze powrócą, lecz odmienione tym doświadczeniem, na zawsze naznaczone wspomnieniem uprowadzenia.
374	Na leśnej polanie Bloomburrow w południowym świetle stoi antropomorficzna mysz-bard w podróżnym stroju sceniczno-awanturniczym — skórzany kaftan, krótki płaszcz, mała peleryna, czerwony szalik. Trzyma w łapie smyczek i niewielkie skrzypce, gra w ruchu jakby prowadziła marsz, a za nią idzie kilku innych mysich muzyków z bębnem, fujarką i lutnią w kroku marszowym. Z instrumentu centralnej myszy wychodzi fala złotego światła i nut w postaci cienkich linii docierająca do latarni-sygnału na skraju polany, która rozbłyskuje jaśniej — muzyka reaktywuje znaki szlaku. W Bloomburrow mysia trupa Thistledown nie walczy mieczami — rozstawia przyjaciół, dzwonki i latarnie tak, żeby cały las usłyszał, że maszerują, a reszta zwierząt po prostu zeszła im z drogi.
375	Mroczna Puszcza, niegdyś zwana Wielkim Zielonym Lasem, dusi się w cieniu rzuconym przez twierdzę Dol Guldur. Nawet posłańcy Manwëgo, Wielkie Orły z Gór Mglistych, nie są bezpieczni pod jej splątanym sklepieniem, gdzie najmniejsze ukąszenie oznacza koniec. Bezgłośnie, na pojedynczej nici, jeden z potomków Szeloby opuszcza się ze swojego ukrycia, by zabezpieczyć zdobycz schwytaną w locie. Jego jad działa szybko, a pająk nie spieszy się, wiedząc, że las jest jego sprzymierzeńcem i nikt nie usłyszy ostatnich uderzeń potężnych skrzydeł.
376	W głębi Ulvenwaldu, na ścieżce wiodącej z ruin Avabruck w stronę odległej Lambholt, młody odszczepieniec z kessigskiej wioski podnosi się z mokrych klonowych liści, w które jeszcze niedawno upadł — lecz ciało, które teraz dźwiga się z błota, jest dwukrotnie cięższe od tego, które tam padło. Pośmiertne nabrzmienie rozsadziło szwy chłopskiej koszuli i wykrzywiło kamizelkę, a opuchnięte dłonie nie mieszczą się już w starych rękawicach pozostawionych obok latarni. Tuż przy nim leży zerwany srebrny amulet z czaplą Avacyn — ten sam, który miał go ochronić przed howlpackiem Krallenhorde, którego ślady prowadzą teraz w głąb mgły. Daleko między pniami brzóz, rozmyty welonem mgły, oddala się rząd pomarańczowych pochodni karawany, której nie zdążył dogonić — i która jutrzejszego ranka spotka coś znacznie groźniejszego niż człowiek, który ich opuścił.
377	We wnętrzu jasnej kamiennej kaplicy na Innistradzie w czasach Odrodzonej Wiary, na ołtarzu z jasnego kamienia leży rozwinięty zwój z grubej kremowej skóry pergaminowej, zakończony wałkami z ciemnego srebra z grawerowanymi spiralami i symbolami księżyca. Na pergaminie równe linie kaligrafii i dwa stylizowane białe anielskie wizerunki po bokach tekstu, a nad zwojem unosi się subtelna złotobiała poświata, a z liter pergaminu wydobywają się drobne świetlne punkty układające się w spiralę. Po prawej dłoń skryby w białej rękawicy trzyma pióro, przez wysokie witrażowe okno wpada promień światła padający dokładnie na zwój — w szkle fragment skrzydła i aureoli Avacyn. W Thraben kapłani nie czytają zwoju Avacyn raz — czytają go codziennie, bo każde odczytanie odnawia linię, która rysuje granicę między światłem nocy a tym, co za nią chodzi.
378	
379	Wysoko nad ulicami Nowej Capenny, na szerokim kamiennym balkonie łączącym wieżowce art déco, właśnie ląduje gwałtownie ptasi obywatel — humanoidalna postać z dużymi ciemnymi skrzydłami i ptasią głową z krótkim dziobem, w eleganckim dopasowanym garniturze z kamizelką. Jedno kolano ugięte, drugie wyciągnięte, skrzydła szeroko rozpostarte dla hamowania, w lewej dłoni mała okrągła tarcza-emblemat, z której powstaje półprzezroczysta jasnoniebieska bariera energii osłaniająca go od boku. Przed tarczą rozpryskuje się smuga energii lecąca z prawej strony, a za ptasim obrońcą przy balustradzie kuli się ludzka cywilka w jasnym płaszczu, zasłaniając głowę rękami. W Nowej Capennie rodzina Brokers wynajmuje takich strażników niczym doradców prawnych — ich tarcza jest jednorazowa, ale za jedno uderzenie zaoszczędza klientowi tyle, co roczne honorarium.
380	
381	Na nocnym leśnym trakcie Innistradu, w wąskim wąwozie między ciemnymi skałami, strażnik karawany w kapturze i skórzanym płaszczu klęczy przy ziemi w świetle zawieszonej latarni; w dłoniach trzyma rozwiniętą mapę szlaku i mały kompas. Obok na ziemi leży kamień milowy z wyrytym symbolem podstawowej krainy, a strażnik wskazuje go palcem, ustalając właściwy kierunek. W średnim planie karawana w ruchu — wóz z płóciennymi pałąkami, zaprzęg konny, dwie sylwetki wędrowców — a porzucony hełm i złamana włócznia w trawie obok świadczą, że ktoś tu niedawno zaginął. W Kessig noc na trakcie jest egzaminem z pamięci — ten, kto zapomniał, który kamień milowy prowadzi do wioski, nie dożyje momentu, w którym mógłby się zapytać kolejnego podróżnika.
382	W niezbadanych głębinach Ixalanu każde uderzenie kilofa może odsłonić więcej niż tylko rzadkie minerały, a prawdziwy rzemieślnik potrafi odczytać historię zapisaną w kamieniu. Rzemieślniczka z Imperium Słońca, badając żyłę pulsującego kosmium, odkrywa, że skała jest jedynie naczyniem dla znacznie starszej mocy. Pęknięty kryształ uwalnia uwięzioną w nim magię, która przybiera formę zapomnianego strażnika jaskini, gotowego służyć swojemu odkrywcy. W sercu tego świata największe skarby nie są wydobywane, lecz odkrywane.
383	Na kamiennym tarasie grobowca w Amonkhecie, pod ciemnofioletowym niebem i bladym światłem gwiazd, stoi wojownik w pasach lnu i lekkich elementach zbroi z szerokim kołnierzem i amuletami, twarz częściowo zasłonięta opaską. Jest w półkroku do przodu z uniesioną bronią, a wokół jego ramion i klatki piersiowej pojawia się aura czarnej i niebieskawej energii — dwie błękitne smugi jak płomienie owijają przedramiona, na piersi świeci symbol stylizowanej dłoni Bontu. Z ziemi pod stopami wznosi się krąg czarnej mgły, a tuż za jego plecami półprzezroczysty drugi obraz tej samej postaci stoi o pół kroku niżej — zapasowe odbicie gotowe zająć miejsce. Na Amonkhecie Bontu nie obiecywał zmartwychwstania — obiecywał jeszcze jeden cios po śmierci, a jego dar wystarcza dokładnie na tę chwilę, którą wojownik chciał mieć więcej.
384	W podziemnej komorze skrytki na Kaladeshu, wykutej pod miastem i przerobionej na zapomniany magazyn artefaktów, leży zagracone wnętrze — stosy skrzyń, metalowe regały, splątane rury, fragmenty automatonów, stare tablice z planami. Minimalne turkusowe światło eteru sączy się z pękniętych zbiorników, w powietrzu unoszą się świetlne pyłki. W centrum na stercie gruzu leży wyróżniony złoty artefakt — elegancki zakrzywiony element z polerowanego metalu z filigranowymi wzorami, częściowo zasypany piaskiem — obok niego rozsypane warstwy wspomnień: rozbite szkło, pogniecione blachy, zwinięte schematy, fragmenty pieczęci. Po prawej drabina do włazu w suficie — w Ghirapur renegaci ukryli pod miastem skarby, których Konsulat nigdy nie skatalogował, a kto znajdzie właściwą skrytkę, zabierze stamtąd to, co pięć innych osób zgubiło w drodze na dół.
385	Na drewnianej palisadzie wioski Skiltfolk nad jeziorem Zhava w Nephalii strażnik Północy odwraca się gwałtownie, gdy ciężka brama otwiera się przed kolejnym przybyszem. Jego halabarda z symbolem Kościoła Avacyn lśni w świetle żelaznej pochodni, a płaszcz z wilczej skóry jest mokry od mgły, która od zniknięcia Anielskiej opiekunki zalega nad całą prowincją. W tle, pod bladym światłem srebrnego księżyca, majaczą spiczaste dachy Thraben i ciche wody Gavony. Olgard ze Skiltfolk uczył wtedy swoich ludzi, że na warcie żaden szmer nie jest niewinny i żaden cień nie może zostać zignorowany.
386	W zagrodzie pod murami Garenbrigu olbrzym z Dzikich Ostępów kuca między szopą a stodołą i wkłada do ust cały placek z miodem. Jego ogromna dłoń zgarnia z przewróconego stołu bochen chleba, koło sera i pieczonego kurczaka, dary dożynkowe, które chłopi z Ardenvale szykowali na ucztę. Wokół leżą puste beczki, rozbite ule i ślady racic, a wieśniacy klęczą na błocie z pustymi dłońmi, patrząc, jak znika ich dobytek z domu i obory. Z każdym kęsem mięśnie olbrzyma pęcznieją pod lnianą tuniką, jakby spełniała się stara opowieść o głodzie, który zjadał całe stada i sioła.
387	W sercu pasma Akoum na Zendikarze pęknięcie ziemi odsłania żłób z żywej lawy, który od powrotu tytanów służy za kolebkę pomiotom. Z bulgoczącego żaru wynurzają się bezokie drony o fioletowych korpusach i chitynowych ramionach, a ich ciała stygną w czarne szkliwo, gdy wspinają się po runicznych hedronach Nahiri. Za głazem kuli się Raff Pożeracz Ślimaków z plemienia Lavastep, goblin, który szukał skrótu do Morza Srebrnego i trafił na lęgowisko. Dym z Akoum niesie zapach siarki nad spękane turnie Skittering Peaks, przypominając, że ścieżki wydeptane przez Eldrazi nigdy nie prowadzą tam, gdzie chcieli iść śmiertelnicy.
388	Na najwyższym pomoście Mana Rig nad wrzącymi równinami Shiv na Dominarii szivański goblin przeszukuje skrzynię z odzyskiem po ostatniej erupcji. Jego palce, czarne od smaru i popiołu, odrzucają pęknięte koło zębate z czasów Thran, a druga dłoń zaciska się na sześciennym kamieniu mocy, który wciąż tli się błękitem. Wokół huczą turbiny wykute przez pokolenia jego klanu, a w oddali dymią stożki Shiv, skąd przodkowie czerpali ogień dla pieca. W oczach goblina odbija się światło reliktu, bo w rodach spod Wielkiej Góry oko do przydatnego złomu jest dziedzictwem starszym niż pamięć o Urzy.
389	Na przełęczy Qal Sisma w Tarkirze Surrak, chan Temurów, kładzie dłoń na czole lodowego żywiołaka, którego abzańscy szamani wzmocnili runami wzrostu. Zamiast ciosu wystarczy dotyk, a runy przygasają, gdy duma żywiołu ustępuje przed cierpliwością gór. Kolos ugina kolana i osiada w śniegu, para z jego barków opada jak ukłon. „Ludzie kornieją przed żywiołami,” mówi Surrak do swoich łowców, „ale żywioły też potrafią uklęknąć.”
390	
391	
392	
393	W najniższych poziomach Katedry w Thraben, pośród bezcennych archiwów Kościoła Avacyn, złośliwe diabły oddają się bezmyślnemu niszczeniu. Jeden z czerwonoskórych intruzów z fanatycznym zapałem rozbija kamienny filar nośny, a każde uderzenie żeliwnego pręta wyrzuca w powietrze chmury iskier i ostrych odłamków. Ta chaotyczna natura sprawia, że rykoszetujący gruz rani zarówno próbujących opanować sytuację katarów, jak i lekkomyślnych przywoływaczy, którzy otwarli potworom drogę. Wokół stwora trawią się stulecia zapisanej wiedzy, rozświetlając dymiące korytarze niespokojnym blaskiem.
394	
395	W mrocznych granicach Sylvanii, gdzie wampirzy władcy z rodu von Carstein wciąż szerzą spaczenie, nawet głęboko pogrzebani zmarli nie zaznają spokoju. W strugach ulewnego deszczu, pośród rozmiękłego błota starego cmentarza, dawno zapomniany gwardzista grobowy przebija się przez warstwy ziemi, wezwany na nowo niewidzialną wolą nekromanty. Jego pordzewiała zbroja i fioletowy blask w pustych oczodołach stanowią fizyczny dowód na to, że prawdziwe zło zawsze znajduje drogę powrotną na powierzchnię. Ułamana łopata pozostawiona przez miejscowych grabarzy świadczy o ich daremnej nadziei, że przysypanie grobu grubą warstwą ubitej ziemi wystarczy, by powstrzymać powrót zmarłego.
396	Na równinach Abzanów pod Drzewem Krewnych szamanka klęka przed dzikim anoą, kładąc dłoń na jego czole. Zielone światło przodków spływa z jej palców, a mięśnie bestii pęcznieją, kopyta ryją ziemię jak podczas szarży. Między nadgarstkiem kobiety a rogiem zwierzęcia zawiązuje się świetlista nić przysięgi, której nie zerwie nawet szał bitewny. Anoa ryczy i rusza przed siebie, tratując wrogów, lecz nigdy nie odwraca się przeciw tej, która obudziła w nim dzikość.
397	
398	
399	Na skutych mrozem cmentarzyskach w Nephalia najwięksi badacze tajemnic często odnajdują jedynie swój własny koniec. Zbyt dociekliwy śledczy, szukający śladów zakazanej magii, zostaje w ułamku sekundy uwięziony w nieustępliwym, lodowym więzieniu. Strażnikiem tej klątwy jest owinięty w całuny, bezimienny ożywieniec, którego sama obecność potęguje mroźne zaklęcia rzucane przez ukrytego w cieniu nekromantę. Podczas gdy intruz pozostaje bezsilnie zamrożony, magiczny zwój w dłoniach sługi przekazuje swojemu panu nowo zdobytą wiedzę o zamiarach wroga.
400	
401	Gniew boga kuźni, Purphorosa, to nie tylko niszczycielski żywioł, ale nagły wyrok wydany z samego wnętrza góry Velus. Kiedy wataha minotaurów pod sztandarem Mogisa próbowała zbezcześcić obrzeża polis Akros, niebiosa odpowiedziały uderzeniem rozżarzonych boskich narzędzi. Nieziemska temperatura w mgnieniu oka stopiła pancerze najeźdźców i zamieniła ich oręż w płynną stal, odbierając im jakąkolwiek szansę na przetrwanie tego starcia. W stygnących kałużach płynnego brązu i porzuconych tarczach, miejscowi wyrocznie dostrzegają już świetliste gwiazdy Nyx, odczytując z nich zwiastuny nadchodzącej przyszłości.
402	
403	Głęboko na trzęsawiskach Mephidross, biomechaniczni zwiadowcy demona Azax-Azoga bezszelestnie patrolują skorodowane, metaliczne konstrukcje Mirrodinu. Gdy infiltrator ze szczepu Neurok zbliża się zbytnio do tajemnic tana, phyrexiański nietoperz wykonuje swój ostateczny, samobójczy protokół. Metalowy pancerz stworzenia pęka, uwalniając wysoce stężony gaz necrogenu, który w ułamku sekundy niszczy układ nerwowy i wspomnienia ofiary. W tej chmurze zaprojektowanego przerażenia, mirrański ruch oporu traci nie tylko bezcenne informacje wywiadowcze, ale również same umysły, które miały je dostarczyć.
404	
405	
406	
407	
408	
409	
410	
411	
412	
413	
414	
415	
416	
417	
418	
419	W nieskończonych korytarzach Domu na planie Duskmourn najstarsze ludzkie lęki rodzą się w trzewiach labiryntu i przybierają bezlitosną, fizyczną formę. Koszmar uosabiający strach przed płomieniami nie musi nawet dotykać swoich ofiar, gdyż sama jego obecność emituje falę miażdżącego gorąca, która natychmiast osłabia każdego w pomieszczeniu. Gdy umysł ocalałych ulega powolnemu załamaniu i zaczyna mieszać rzeczywistość z koszmarnymi wspomnieniami, aura istoty potęguje swoją moc. Wtedy nawet istoty przyzwane do obrony obracają się w stertę popiołu, nie mogąc znieść niszczycielskiej temperatury otaczającej demona.
420	W ponurych granicach Sylvanii nawet proste wejście do domowych podziemi może okazać się niebezpiecznym progiem oddzielającym świat żywych od domen wampirzych władców. Masywne, okute żelazem drzwi miały chronić najgłębiej zmagazynowane zapasy przed wilgocią, lecz z czasem stały się jedyną barierą przed tym, co przebudziło się u samych fundamentów. Ktoś nieostrożny zszedł na dół, zrywając stare pieczęcie i otwierając drogę zapomnianym lokatorom krypt. Dziś porzucona w panice latarnia jest jedynym śladem po intruzie, a zza uchylonych wrót wyłania się powolny, bezimienny nieumarły, szukający wyjścia na powierzchnię.
421	W obozie wojskowym na Dominarii Mishra gwałtownie wyrywa się z kolejnego koszmaru zesłanego przez zgubne szepty Phyrexii. Wizje zgrzytającego metalu i duszącego oleju są tak namacalne, że w panicznym przebudzeniu inżynier własnoręcznie niszczy owoce swojej wielotygodniowej pracy. Rozlany atrament, do złudzenia przypominający zarazę z jego snów, bezpowrotnie zalewa najnowsze plany taktyczne, podczas gdy na podłodze leżą roztrzaskane w amoku resztki wydobytych z jaskiń Koilosa artefaktów. Gix i jego słudzy nie muszą atakować wprost; wystarczy, że zaszczepią w umyśle wodza paraliżujący strach, który zmusi go do zniszczenia własnej przyszłości i odcięcia się od odkryć przeszłości.
422	Na niebezpiecznych granicach Złotego Lasu strażnicy z Lothlórien rzadko ujawniają się obcym, lecz potrafią w ułamku sekundy odmienić losy leśnej zasadzki. Gdy pomioty mroku próbują usidlić samotnego jeźdźca z Rohanu, elfickie błogosławieństwo materializuje się pod postacią nagłej kopuły czystego światła gwiazd. Starożytna magia natychmiastowo spopiela każdy kontakt z mroczną pajęczyną, tworząc barierę absolutnie nieprzeniknioną dla zagrożenia o tym konkretnym, mrocznym pochodzeniu. Nawet najcięższa zbroja kuta w kuźniach Edoras nie zapewniłaby takiego ocalenia, jakie daje jeden świetlisty gest obrońców puszczy.
423	
424	
425	
426	
427	
428	W mrocznych podziemiach Akademii Oxenfurckiej uczeni nieustannie przesuwają granice wiedzy, traktując ofiary klątw jako obiekty eksperymentalne. Jeden z badaczy postanowił zmierzyć niszczycielski potencjał schwytanego wilkołaka, zamykając go w celi z opancerzonym celem. Nałożona na szyję potwora dwimerytowa obroża rezonuje jasnym światłem przy każdym potężnym ciosie zadanym przez kreaturę, obrazując przepływ magicznej energii wywołanej furią. Podczas gdy bestia poddaje się pierwotnemu instynktowi, obserwujący ją człowiek skrupulatnie notuje trajektorie ciosów, zamieniając brutalną agresję w cenne akademickie zapiski.
429	
430	W cieniu starych drzew na granicach Dol Blathanna, dumni Aen Seidhe nie zamierzają biernie patrzeć, jak dh'oine systematycznie karczują puszczę pod nowe osady. Nocami elfie znachorki z oddziałów Scoia'tael bezszelestnie przeszukują leśne poszycie, zbierając toksyczne wilcze jagody, które kwitną najpełniej w srebrzystym blasku księżyca. Każdy kolejny fragment terytorium bezprawnie zajęty przez ludzi spotyka się z cichą, lecz bezlitosną odpowiedzią, gdy zebrane rośliny zostają przetworzone na gęsty jad pokrywający partyzanckie strzały. W ten sposób dawni panowie tych ziem zamieniają każdy skrawek natury w swój mroczny ogród, a każda fiolka wyekstrahowanej trucizny czyni rebelię silniejszą i gotową do następnego uderzenia.
431	Sezonowe powodzie na Tarkirze sprawiły, że mętne wody Delty Rzeki Marang wystąpiły z brzegów, zatapiając szlaki handlowe sąsiadujących z nią terytoriów. Wraz z postępującą falą z bagnistych domen wylęgły się chmary ogromnych much, które teraz poszukują pożywienia daleko poza swoim naturalnym środowiskiem. Oślizgły, chitynowy drapieżnik osacza podróżnika w płaskodennej łodzi, którego ciało wciąż nosi magicznie pulsujące ślady po wcześniejszych starciach z plagą. Sama obecność roju w niewyjaśniony sposób podrażnia stare rany, boleśnie osłabiając organizmy uciekinierów i nieubłaganie wyczerpując ich życiowe siły.
432	U wybrzeży Cidaris morskie panny rzadko zbliżają się do lądu, trzymając się z dala od śmiercionośnych harpunów miejscowych wielorybników. Ta jedna syrena, nosząca na plecach szramy po rzuconych sieciach, dobrowolnie porzuca spienione fale oceanu i wychodzi na ostre skały. Pod wpływem starożytnej, głębinowej magii jej błyszczący rybi ogon pęka i łuszczy się, odsłaniając blade, przystosowane do chodzenia nogi. Uzbrojona w skradziony nóż, istota stawia pierwsze kroki na suchym lądzie, zmierzając prosto ku portowej karczmie w poszukiwaniu winnych rzezi jej stada.
433	W najgłębszych ostępach Lasu Nessian na Therosie oddział akroaskich hoplitów przerywa swój marsz, gdy z gęstwiny dobiega ich wycie dzikich bestii. W odpowiedzi na inwazję śmiertelników z tkanki samego lasu wyłania się Nylea, potężna bogini łowów, której eteryczne ciało lśni gwiezdnym blaskiem Nyx. Porażeni jaskrawym, szmaragdowym światłem i boskim majestatem żołnierze upuszczają swój oręż, a ich zapał bitewny natychmiast wygasa w obliczu bóstwa. Jedynie naznaczone magią, uformowane z konstelacji drapieżniki ze stada bogini są zdolne swobodnie kontynuować łowy, mijając sparaliżowanych intruzów.
434	W trzewiach wieży Nivix gildia Izzet nieustannie przesuwa granice bezpiecznej magii, próbując zrealizować wielką, chaotyczną wizję samego Smoka-Geniusza, Niv-Mizzeta. Gwałtowne przeciążenie reaktora z mizzium nie jest traktowane przez chemisterów jako katastrofalna awaria, lecz jako pożądany punkt kulminacyjny trwających miesiącami obliczeń. W ułamku sekundy z uszkodzonej komory uwalnia się kaskada niepowiązanych ze sobą żywiołów, łącząc niszczycielski ogień z nienaturalnymi wyładowaniami w jednym wybuchu nieskrępowanej energii. Choć większość bezcennych notatek badawczych przepada bezpowrotnie w tym chaosie, to sama manifestacja tak potężnej siły w pełni rekompensuje badaczom zrujnowane laboratorium.
435	W zapomnianym sanktuarium na obrzeżach Królestwa Cornelia, pradawny oręż cierpliwie czeka na kogoś godnego tytułu Wojownika Światła. Gdy bezimienny wędrowiec o czystych intencjach chwyta za rękojeść, uśpiona w ostrzu magia natychmiastowo budzi się do życia, odpowiadając na jego potencjał. Potężna energia krystalizuje się wokół ciała adepta, tworząc fizyczny, karmazynowy pancerz i bezpowrotnie transformując go z prostego poszukiwacza przygód w elitarnego mistrza miecza. Ten jeden moment wyboru ścieżki jest ostatecznym przypieczętowaniem losu bohatera, który od teraz musi stanąć na pierwszej linii frontu w walce z chaosem.
436	W sercu Altdorfu, na zamkniętym dziedzińcu Kolegium Ognia, adepci wiatru Aqshy doskonalą sztukę kontrolowanej destrukcji. Niedoświadczony czarodziej potrafi jedynie uwolnić żywioł, lecz mistrz potrafi w ułamku sekundy rozszczepić skumulowaną energię na kilka mniejszych, równie potężnych uderzeń. Trzy ogniste kule precyzyjnie szybują w stronę drewnianych celów ćwiczebnych, z których już zaczyna unosić się czarny dym od fali uderzeniowej gorąca. Ten pokaz precyzji udowadnia, że prawdziwa magia bitewna Imperium uderza w równej mierze w środek formacji wroga, co w jego flanki, zamieniając wszystko w popiół jednym zaklęciem.
437	W gęstych koronach prastarej puszczy Yavimaya drapieżniki rzadko spoglądają w dół, skupiając się na nieostrożnych lotnikach. Młody drakon, który zbyt pewnie szybował między konarami, stał się ostatecznym dowodem na morderczą skuteczność sieci rozpiętych przez jednego z leśnych tkaczy. Gigantyczny pająk bez pośpiechu opuszcza się ku swojej zdobyczy, wykorzystując absolutną przewagę nad unieruchomioną w powietrzu bestią. Wędrująca dołem Vivien Reid mija tę scenę bez cienia strachu, a pozostawiona w pniu widmowa strzała z jej Łuku Skorpikory jest jedynym śladem po łowczyni, dla której podobne potwory są zaledwie naturalnym elementem ekosystemu Dominarii.
438	W gęstych ostępach Wysokiego Lasu gnomia druidka ze Szmaragdowej Enklawy starannie pielęgnuje glebę wokół zapomnianych netherilskich ruin. Czerpiąc pierwotną magię z Kręgu Ziemi, znachorka rozgarnia warstwy martwej ściółki i zrujnowanych artefaktów, odszukując uśpione nasiona dawnego życia. Jej zielona moc przyspiesza rozkład starego świata, zamieniając porzucone resztki w żyzny, pulsujący energią grunt. Z tego poświęcenia odradza się dzicz, która przetrwa i wyda owoce na długo po tym, jak sama strażniczka odda ostatecznie swoje siły naturze.
439	W mrocznych głębinach Nefrytowego Przejścia, legendarnym szlaku wyłamanym wprost z piekielnego Pandemonium, uśpione koszmary czekają na intruzów. Kiedy bezkształtny Hecteyes wypełza ze szczelin porośniętych kryształami, sam jego wielooki, nienaturalny wzrok wywołuje natychmiastowy paraliż u zwiadowców z armii księżniczki Hildy. W konfrontacji z potworem ofiara bezwładnie upuszcza niesione cenne zwoje i ekwipunek, gubiąc bezpowrotnie przewagę taktyczną w mrokach jaskini. Zanim oślizgły strażnik piekieł wyprowadzi jakikolwiek fizyczny cios, jego obecność już skutecznie pozbawia wędrowców zasobów niezbędnych do przetrwania na tym przeklętym szlaku.
440	W sercu Wrót Baldura mroczne pomioty z Podmroku brutalnie przerywają ciszę panującą w starożytnej świątyni Helma. Zbrojny kapłan staje na stopniach głównego ołtarza, manifestując potężną barierę ze srebrnego światła, która skutecznie zatrzymuje napierającego biesa. Zamiast natychmiastowego kontrataku, Czujny Strażnik oferuje intruzowi starożytny pergamin z cennymi zapiskami, dając mu ostateczną szansę na pokojowe opuszczenie uświęconej ziemi. Ten chłodny akt miłosierdzia wymusza przerwę w starciu, stawiając potwora przed wyborem między zyskaniem nowej wiedzy a zderzeniem ze świętą, niezniszczalną obroną.
441	Bogate państwo-miasto Korlis długo ignorowało eskalujący konflikt między Yotią a nomadami Fallaji, naiwnie wierząc w nienaruszalność swoich handlowych szlaków. Złudzenia kupców prysły w ułamku sekundy, gdy stalowe Smocze Silniki Mishry sforsowały mury i obróciły tętniące życiem rynki w dymiące zgliszcza. Wśród tlących się szczątków ocalała strażniczka odnajduje porzucone plany marszruty najeźdźców, wydzierając z ruin bezcenną wiedzę o ich następnych celach. Choć jej dawny świat bezpowrotnie przeminął, zaciśnięta na włóczni dłoń obiecuje, że w kolejnym starciu to zwiadowcy Korlis zadadzą cios jako pierwsi.
442	Kiedy hordy hałaśliwych boggartów zbliżają się do granic wiejskiej osady na Lorwynie, przetrwanie zależy od idealnego wykorzystania ukształtowania terenu. Doświadczona taktyczka Kithkinów, połączona ze swoimi pobratymcami telepatyczną więzią zwaną splotem myśli, z mistrzowską precyzją pozycjonuje obrońców w naturalnym, ciernistym wąwozie. Jej ostre polecenia i fizyczne korekty postawy sprawiają, że pojedynczy strażnik potrafi skutecznie zablokować drogę kilku napastnikom naraz. W tej zżytej społeczności to nie grubość pancerza, lecz absolutna lojalność i walka ramię w ramię stanowią ostateczną zaporę nie do sforsowania.
443	Na obrzeżach ponurego Ulvenwaldu wygnana mieszkanka prowincji Kessig kuca przy słabym świetle dogasającego ogniska. Chłodne promienie księżyca oświetlają jej twarz, gdy odwraca głowę w stronę odległych, bezpiecznych palisad swojej dawnej osady. Jej zniszczony, karmazynowy płaszcz pokryty jest błotem, co stanowi fizyczny ślad niedawnej ucieczki przed zabobonnym tłumem. Gdzieś w głębi gęstwiny łamią się gałęzie, a dłoń kobiety instynktownie zaciska się na rękojeści zardzewiałego noża myśliwskiego.
444	W surowych dolinach u podnóża gór Qal Sisma młody colossodon przemierza skaliste zbocza, w pełni polegając na swoim nowo stwardniałym pancerzu. Jego gruba, przypominająca skałę skorupa stanowi barierę nie do przebicia dla większości lądowych drapieżników wędrujących po stepach Tarkiru. Sytuacja zmienia się jednak drastycznie, gdy niebo przecinają skrzydła potężnych łowców z lęgu Atarki, nieustannie patrolujących terytorium w poszukiwaniu pożywienia. Jeden z gadów właśnie zniża lot, rzucając olbrzymi cień na roślinożercę, którego potężna skorupa przy uderzeniu z powietrza staje się jedynie naczyniem na posiłek.
445	Opancerzona paladynka z dworu Locthwain niestrudzenie przedziera się przez zaspy na obrzeżach Mrocznej Dziczy, poszukując śladów zaginionego Najwyższego Króla Kenritha. Jej masywny, kary rumak z trudem łamie kopytami skute lodem pnącza, zostawiając za sobą głębokie bruzdy w zamarzniętej ziemi. Ciężka, czarno-fioletowa zbroja płytowa kobiety pokryta jest grubą warstwą szronu, a w jej dłoni pewnie spoczywa charakterystyczna, złota lanca z powiewającym na wietrze proporcem. Nawet gęstniejąca zamieć śnieżna nie spowalnia miarowego kroku wierzchowca, podkreślając absolutną nieustępliwość patrolu wysłanego w imię Kotła Wieczności.
446	W prastarych, nasyconych magią dżunglach Ixalanu wojownicy Słonecznego Imperium zawierają ze swoimi dinozaurami więzi silniejsze niż sama śmierć. Dzielna wojowniczka w pancerzu z jadeitu i złota przyciska czoło do pyska swego potężnego wierzchowca, budząc go ze śmiertelnego letargu. W miejscu ich dotknięcia rozbłyska ciepła, złocisto-rubinowa aura, nierozerwalnie splatając siły witalne człowieka i przebudzonej bestii. Ten nienaruszalny pakt wzajemnej lojalności sprawia, że każde przyszłe uderzenie gadziego kolosa napełni jego przewodniczkę nowym, uzdrawiającym wigorem.
447	W spowitych nienaturalną mgłą Ogrodach Morra w Stirlandzie śmierć rzadko kończy służbę w szeregach zakazanych kultów. Zbezczeszczona ziemia pulsuje mroczną magią Nekromancji, która zmusza połamane powłoki sługusów do ponownego powstania. Z plątaniny zbutwiałych ksiąg, połamanej broni i kości podnosi się odziany w łachmany wyznawca, wciąż dzierżąc swój zardzewiały sztylet ofiarny. Cmentarne insekty wiją się już na jego ramionach, gdy sine palce zaciskają się na rękojeści z nową, pozbawioną życia siłą.
448	W zrujnowanych dzielnicach dawnego Ostermarku rzuty surowej magii wciąż deformują fizyczną strukturę Miasta Potępionych. Z brukowanych ulic z potężnym hukiem wyrastają gigantyczne iglice krystalicznego spaczenia, dosłownie rozrywając fundamenty starych domostw. Każde takie pęknięcie ziemi pulsuje wielobarwną energią Chaosu, będącą manifestacją wszystkich połączonych wiatrów magii. Nieostrożni najemnicy próbujący zbliżyć się do świeżego wyłomu nierzadko przypłacają to życiem, powaleni przez nieprzewidywalne wyładowania pękniętej skały.
449	W bezkresnym Labiryncie Drzew, gdzie technologia rozświetlonego neonami świata nie ma dostępu, duchy natury zazdrośnie strzegą swoich sanktuariów. Tylko nieliczni śmiertelnicy mają okazję ujrzeć gigantyczne tanuki, które z błogosławieństwem kami przemierzają najgęstsze partie Lasu Jukai. Potężne bestie z łatwością torują sobie drogę przez pozornie nieprzebyte gąszcze, krusząc najtwardsze przeszkody niczym suche gałązki. Dla zagubionych mnichów odnalezienie śladu takiego strażnika rzeźbiącego nowe ścieżki w puszczy oznacza odkrycie zupełnie nowych, uświęconych połaci dziewiczego lasu.
450	W mrokach Ulvenwaldu, gdzie zwiadowcy z Kessigu rzadko zapuszczają się po zmroku, dzika natura z łatwością kpi z ludzkich prób przetrwania. Halana uplotła gęstą barierę z ostrych cierni, wierząc, że ten pierwotny mur zniechęci drapieżniki do ataku na ich nocne obozowisko. Zamiast tego, najeżona przeszkoda przyciągnęła potężne wilki, których gruba, przypominająca twardą korę sierść pozwala im bezboleśnie przeciskać się przez najostrzejsze zarośla. Gdy gigantyczna bestia płynnym ruchem rozsuwa kolczaste pędy i wkracza w krąg dogasającego ogniska, upuszczone w błoto srebrne wnyki Aleny stają się niemym świadectwem fatalnej pomyłki łowczyń.
451	W podszyciu lasów Doliny na Bloomburrow najgroźniejsi zabójcy nie rzucają się na wroga w otwartej walce, lecz bezszelestnie wykorzystują kierunek wiatru. Gdy ranny jaszczurzy najemnik, noszący na pancerzu fizyczne ślady niedawnej potyczki z Mysią Strażą, zatrzymuje się by złapać oddech, z mroku paproci wyłania się skunks-skrytobójca. Z uniesionego ogona zamaskowanego drapieżnika ulatnia się ciężka, purpurowa mgła, która z wiatrem opada na ofiarę, natychmiastowo paraliżując jej zmysły i odbierając resztki sił. Zanim toksyczne opary całkowicie pochłoną zdezorientowanego uciekiniera, zabójca unosi zatruty kolec, by jednym precyzyjnym uderzeniem w plecy dokończyć dzieło zniszczenia.
452	W najwyższej wieży Kolegium Niebios w Altdorfie magistra wiatru Azyru gorączkowo bada układ sfer na swoim mosiężnym astrolabium. Nagle magiczny mechanizm ożywa, emitując dwa jasne promienie błękitnego światła, które rzutują na sufit nieznane dotąd konstelacje. Kobieta zastyga w bezruchu nad zalanymi atramentem pergaminami, fizycznie przytłoczona ciężarem wizji ujrzanej w soczewkach. Słowa mrocznego proroctwa same uciekają z jej ust, wyprzedzając myśli i wprawiając w osłupienie ją samą.
453	Na deszczowych ulicach nadmorskiej Nephalii znużony inkwizytor z błoni Elgaud chłonie rozbłyski błogosławionej energii, która namacalnie regeneruje jego siły. Same twarde pancerze i kute w srebrze oręże nie wystarczają już do walki z potwornościami wypełzającymi z mroku. Kapłan z siłą zaciska dłoń na rękojeści buzdyganu, w pełni gotów złożyć najwyższą ofiarę w obronie ludzkości. Nawet po upadku jego śmiertelnej powłoki, niezłomna dusza oddzieli się od ciała, by jako świetliste widmo kontynuować świętą krucjatę.
454	W cieniu pradawnych dębów Lasu Nessiańskiego elitarna wojowniczka z wieży Bassara zastyga w bezruchu na grubej gałęzi, przygotowując zasadzkę. Jej brązowa zbroja o greckich liniach i krótki miecz typu kopis idealnie sprawdzają się w gęstym poszyciu, gdzie intruzi rzadko dostrzegają niebezpieczeństwo na czas. Kiedy zbliża się cel, wola bogów manifestuje się w świecie śmiertelników, nasycając oręż kobiety i jej przedramiona błyszczącą, gwiezdną energią prosto z domeny Nyx. Zasilana tą niebiańską magią strażniczka z polis Setessa twardo opiera stopy o korę, gotowa w ułamku sekundy spaść na każdego, kto zlekceważył granice jej terytorium.
455	W sercu mrocznego lasu Drakwald jeden z najstarszych czołgów parowych Imperium z trudem forsuje zgliszcza obozu zwierzoludzi. Jego gigantyczne, nabijane żelaznymi kolcami koła miażdżą bez litości spalone drewno palisad i porzuconą w błocie broń wroga. Inżynierzy ze Szkoły Artylerii w Nuln spędzili na pokładzie tej dymiącej bestii niezliczone kampanie, o czym wprost świadczy każdy głęboki ślad na jej nitowanym pancerzu. Mimo uszkodzeń i niebezpiecznie gwiżdżących zaworów ciśnieniowych, maszyna niestrudzenie pcha się naprzód, torując drogę dla podążających za nią żołnierzy z Middenheim.
456	W nieskazitelnych korytarzach Białej Bazyliki Elesh Norn nie ma miejsca na indywidualność, a każda zasymilowana istota staje się częścią większego, dogmatycznego chóru. Powolne, wielotwarzowe monstra pełzną przez sterylne posadzki Mirrodinu, zwiastując nieuniknioną doskonałość narzucaną przez Maszynową Ortodoksję. Kiedy ich ociężałe, porcelanowe ciała ulegają zniszczeniu pod ciosami ocalałych rebeliantów, ustanie głównej pieśni nie oznacza wcale zwycięstwa. Z potrzaskanych resztek pancerza natychmiast wyłaniają się bezlitosne, metalowe roztocza, które z mechaniczną precyzją kontynuują rozsiewanie zakaźnego oleju w imię Matki Maszyn.
457	Na zdradliwych, piaszczystych torach Kaladeshu, podczas bezlitosnego wieloświatowego wyścigu Omenpaths, utrata przyczepności zazwyczaj oznacza ostateczną eliminację. Gdy mosiężny łazik elfiej druidki przechyla się ku fatalnej wywrotce, kierowniczka w ułamku sekundy uwalnia zmagazynowaną magię natury. Grube, świecące pasma magicznego jedwabiu natychmiastowo owijają przeciążone podwozie, brutalnie sprowadzając maszynę z powrotem do pionu i solidnie wzmacniając jej delikatny kadłub. Niespożyta energia pnączy wystrzeliwuje następnie wysoko w niebo, tworząc elastyczną sieć, która z łatwością wychwytuje pikujące z góry mechaniczne sokoły wysłane przez sabotażystów.
458	Na spalonych słońcem pustkowiach Thunder Junction przetrwanie podczas pościgu zależy w równej mierze od szybkości wierzchowca, co od przewidywania ruchów przeciwnika. Kiedy doświadczony jeździec dosiada wytresowanego arynxa, rogaty drapieżnik rzuca się do szarży z prędkością, która pozwala zaatakować cel ułamki sekund przed jego reakcją. W trakcie gdy bestia oddaje potężny skok nad kanionem, kowboj podnosi do oka mosiężną lunetę, wypatrując na horyzoncie kolejnych przeszkód i ukrytych ścieżek. Ta perfekcyjna synchronizacja sprawia, że duet zawsze uderza pierwszy i nigdy nie wpada w nieprzewidziane zasadzki na zdradliwych szlakach.
459	Na uniwersytecie Strixhaven na planie Arcavios, kampus Prismari tętni nieustanną fuzją żywiołów, gdzie magia jest traktowana jako najczystsza forma ekspresji. Na scenach plenerowych amfiteatrów zdolni adepci łączą pozornie sprzeczne siły ognia i wody, przekuwając surową, niszczycielską energię w misterny spektakl. W kulminacyjnym momencie twórczego amoku zderzające się żywioły tworzą na ułamek sekundy gładką taflę lodu i pary, która zaczyna działać niczym nadnaturalna soczewka. Wpatrzony w to ulotne, żywiołowe płótno student dostrzega w nim wyraźne zarysy nadchodzących zdarzeń, czerpiąc z tej wizji precyzyjne natchnienie do kolejnych kroków swojego magicznego występu.
460	W porośniętych zielenią zaułkach Ivy Lane na Ravnice tętni życie, a zbrojmistrzowie wierni Konklawe Selesni nieustannie dbają o bezpieczeństwo gildii. Gdy tylko w granicach terytorium zjawia się nowy sojusznik, miejscowi weterani natychmiast oferują mu swoje rzemieślnicze wsparcie. Doświadczony elficki wojownik z wprawą dopasowuje ciężki, odporny na uderzenia napierśnik z rogu ceratoka do potężnego torsu młodego centaura. Dzięki tej niezawodnej pomocy społeczności, każdy nowy obrońca natychmiast staje się silniejszy i jest w pełni gotowy do patrolowania miejskiej dżungli.
461	W starożytnych granicach Brokilonu intruzi rzadko mają okazję użyć swojej niszczycielskiej magii przeciwko prawowitym paniom tego lasu. Gdy ludzki czarodziej zuchwale wypuszcza z dłoni śmiertelną kulę ognia, sama puszcza błyskawicznie staje w obronie swoich strażniczek. Strumienie czystej wody i grube pnącza wyrastają wprost z ziemi, miażdżąc płomienie w powietrzu i zamieniając zaklęcie w niegroźny obłok białej pary. Spokojny gest driady uświadamia intruzowi, że w tym miejscu każda obca inkantacja spotka się z natychmiastową i bezwzględną odmową samej natury.
462	W podziemiach Górnego Miasta we Wrotach Baldura, gdzie gildie kupieckie zawierają najważniejsze pakty, ostatecznym gwarantem umowy jest wezwanie Maruta. Ten kosmiczny egzekutor z planu Mechanus nie żąda trwałej zapłaty dla siebie, lecz wymaga jedynie fizycznego udowodnienia absolutnej wypłacalności stron kontraktu. Kiedy zamożny patrycjusz składa pod stopami kolosa niewyobrażalną fortunę w ramach zastawu, potężny konstrukt pieczętuje układ i natychmiast zwraca całe bogactwo właścicielowi. Ciężkie kroki żeliwnego giganta, miażdżące złote monety na kamiennej posadzce, stają się niepodważalnym dowodem na to, że od tak przypieczętowanego paktu nie ma już bezpiecznego odwrotu.
463	Podczas uroczystych obchodów Zenitu w mroźnych górach Qal Sisma odbywają się tradycyjne, niezwykle brutalne turnieje siłowe. Na środku ceremonialnej areny potężny czempion klanu Temur wykorzystuje gwałtowny, magiczny przyrost witalności, by w żelaznym chwycie rzucić swoim rywalem wprost na lity lód. Siła uderzenia fizycznie wstrząsa gruntem, wyrzucając w powietrze kaskady skruszonego śniegu i ostrych odłamków zmarzniętej ziemi. Zasiadająca na obrzeżach placu starszyzna z uwagą obserwuje ten bezkompromisowy pokaz zręczności, poszukując talentów godnych zasilenia najwyższych szczebli klanowej hierarchii.
464	W spustoszonych prowincjach Velen niektóre upiory niosą ze sobą zagrożenie wykraczające poza siłę ich szponów. Blady nieumarły powoli przemierza opuszczone pola, a z jego sylwetki nieustannie sączy się gęsta, ciężka mgła. Ten nienaturalny opar snuje się tuż przy glebie, bezgłośnie pokrywając każdy skrawek ziemi długotrwałym całunem. To właśnie przez tę pełzającą zarazę, zatruwającą sam fundament upraw, rolnicy na zawsze porzucają swoje domostwa, wiedząc, że w tym miejscu żadne ziarno nie wyda już plonu.
465	W mrocznych bagnach Gurmag na Tarkirze bezwzględni magowie z klanu Silumgara nie znają litości dla swoich najniższych sług. Gdy zachodzi potrzeba pozyskania głęboko ukrytej wiedzy, naga z łatwością poświęca umysł i siły witalne lojalnego akolity w egoistycznym rytuale. Z wyciągniętych magicznie wspomnień ofiary czarodziej wybiera tylko jeden, najpotężniejszy fragment zaklęcia, zachowując go dla własnych korzyści. Reszta bezużytecznych myśli oraz całkowicie wydrenowane ciało sługi zostają bezpowrotnie pochłonięte przez błotniste, wiecznie głodne wody mokradeł.
466	Monumentalna Brama Bazyliszka, strzegąca wschodniego wjazdu do Wrót Baldura, przypomina każdemu wędrowcowi o potędze i bogactwie spoglądających z góry patrycjuszy. To właśnie w cieniu tych gigantycznych łuków i kamiennych bestii członkowie Płonącej Pięści czerpią niezwykłą siłę do obrony niższych poziomów miasta. Kiedy strażnik staje do walki, starożytna magia wbudowana w fundamenty metropolii spływa na jego pancerz, nasycając go świetlistą, złotą energią. Moc ta rośnie proporcjonalnie do rozległości systemu obronnego, gdyż każda kolejna brama wspiera go własnym rezonansem przesyłanym ponad dachami Dolnego Miasta.
467	Na niedostępnych szczytach Tarkiru, z dala od bitewnego zgiełku niższych dolin, mnisi z klanu Jeskai koegzystują w pełnej harmonii z dziką naturą. Ogromne stada górskich ptaków na stałe zamieszkują dachy i wieże klasztorów, stając się nieodłączną częścią codziennego krajobrazu. Dla postronnego obserwatora to jedynie piękny, lotny żywioł, lecz zżyci z nimi adepci wiedzą, że w razie ataku z powietrza ta spokojna chmara staje się najlepszą możliwą osłoną. Ufni w czujność i przytłaczającą liczebność swoich skrzydlatych towarzyszy, mistrzowie mogą bez obaw oddawać się porannej medytacji na otwartych murach twierdzy.
468	W dusznych ostępach dżungli na Ixalanie cisza bywa złudna, a najmniejszy błąd natychmiast alarmuje całą okolicę. Gdy zbłąkana strzałka wystrzelona z ukrycia zaledwie zadrapuje grubą skórę kakofodona, bestia momentalnie uwalnia z siebie instynktowny, ogłuszający ryk. Fizyczna fala dźwiękowa uderza w korony drzew z taką siłą, że wygina prastare paprocie i wprawia w drżenie samą ziemię. Ten obezwładniający hałas natychmiast stawia na równe nogi uśpionych wojowników Imperium Słońca, zmuszając ich do pełnej gotowości bojowej na długo przed pojawieniem się wroga.
469	W sterylnych laboratoriach Lumengrid chirurdzy Jin-Gitaxiasa hodują biomechaniczne bestie zaprojektowane wyłącznie do jednego, bezlitosnego celu. Te ślepe, przerażające drapieżniki potrafią godzinami trwać w bezruchu na swoich ciężkich łańcuchach, ignorując całkowicie zdrowych intruzów wkraczających na terytorium Rdzenia Postępu. Dopiero wyczuwalna w powietrzu obecność lśniącego oleju krążącego w żyłach ofiary budzi w nich morderczy instynkt łowcy. Gdy zwiadowca Neuroków z zainfekowanym ramieniem zbliża się do klatek, potwór gwałtownie napina swoje żelazne okowy, próbując za wszelką cenę dosięgnąć pulsującego źródła phyrexiańskiej zarazy.
470	Na zrujnowanych ziemiach Velen, gdzie liczne pożogi strawiły dawne puszcze, rany zadane naturze wydają się niemal nieodwracalne. Wędrowny wiedzący z ludu Aen Seidhe dokonuje trudnego wyboru, celowo wyjaławiając i obracając w pył jeden mały skrawek żyznej gleby. Wydarta w ten sposób pierwotna siła pozwala mu jednak uleczyć znacznie większy obszar, gwałtownie budząc do życia dwa potężne drzewa w samym środku popielatego pustkowia. Z tej surowej ofiary natychmiast rozkwita podwójny wzrost, nakładając żywy opatrunek na najstarsze i najgłębsze blizny kontynentu.
471	W zniszczonych przez Eldrazi lasach Bala Ged na planie Zendikar, powolny proces odnowy wymaga interwencji samych duchów puszczy. Starożytny żywiołak, zrodzony ze splecionych korzeni i lewitujących skał, bezszelestnie wyłania się z gęstwiny, by nieść ukojenie ocalałym. Kiedy jego gałęzie uwalniają świetlisty, szmaragdowy pyłek na ramiona wyczerpanej elfickiej zwiadowczyni z plemienia Tajuru, wszelki ból natychmiastowo ustępuje miejsca nowym siłom witalnym. Gdziekolwiek stąpa ten łagodny obrońca, martwy, kredowy pył puszczy ustępuje miejsca jaskrawej trawie i rozkwitającym kwiatom, przywracając nadzieję tam, gdzie wcześniej panował jedynie koszmar.
472	Na stromych szlakach prowadzących do Klifów Kazuula na planie Zendikar, wędrowcy muszą przygotować się na bardzo specyficzne opłaty celne. Miejscowe ogry, nadzorujące przejścia w imieniu bezwzględnego tyrana, nie żądają złota, lecz pożądają wyłącznie lśniącego, kunsztownie wykutego oręża. Zafascynowani bronią poborcy haraczu obwieszają swoje masywne ciała każdą sztuką zarekwirowanego ekwipunku, z łatwością wykorzystując w walce niezliczone, zabrane siłą miecze i pancerze. Zwiadowcy z wędrownych plemion dobrze wiedzą, że bezpieczne przebycie tego przesmyku zawsze kosztuje oddanie najlepszego ostrza prosto w łapska chciwego strażnika.
473	W głębokich dżunglach Bala Ged korupcja tytana Kozileka fizycznie przepisuje prawa natury na planie Zendikar. Masywny dron zatrzymuje się na szlaku, opierając swoje zmutowane odnóże o ziemię, by przekazać wypaczającą rzeczywistość energię bezpośrednio w głąb gleby. Pod jego dotykiem miękki mech krystalizuje w ostre, obsydianowe bryły, które służą jako inkubator dla nowo formującego się Potomka Eldrazi. Ta nieustanna multiplikacja zapewnia, że w miejscu każdego postawionego kroku powstaje nowy, żarłoczny pomiot gotowy wysysać manę z otoczenia.
474	U mrocznych, smaganych sztormem klifów wyspy Thanedd zwinny tryton bezszelestnie wynurza się z morskiej kipieli tuż przy zalanych fundamentach Aretuzy. Wodny złodziej o łuskach lśniących w blasku księżyca wspina się po śliskich, marmurowych stopniach prowadzących wprost do najniższych archiwów czarodziejek. W szponiastej dłoni mocno ściska świeżo zrabowane, zabezpieczone woskiem pergaminy, nasycone bezcenną wiedzą arkaniczną wykradzioną z biblioteki. Zanim strażnicy zamku zorientują się w zniknięciu tajnych traktatów, morski intruz z powrotem zapada w spienione fale, unosząc ze sobą sekrety najpotężniejszych magów Kontynentu.
475	Podczas szturmu na silnie ufortyfikowany port kosmiczny, wojownicy rasy Kav udowadniają, że każda przeszkoda może stać się ich atutem. Jeden z potężnych piechurów, odziany w ciężki miedziany pancerz, wyrywa uszkodzone ramię obronnego mecha i unosi je niczym prymitywną maczugę. Z potworną siłą uderza metalowym szczątkiem w rzędy lśniących terminali i unoszących się w powietrzu dronów zwiadowczych wroga. Eksplozja błękitnych iskier i deszcz roztrzaskanej elektroniki oświetlają pole bitwy, na którym technologia przeciwnika obraca się w ruinę pod naporem czystej, fizycznej przemocy.
476	W sercu katedralnych korytarzy Ortodoksji Maszyn, gdzie biel porcelany miesza się z czerwienią organicznych ścięgien, zapada wyrok na mirrańskiego buntownika. Wysoki cenobita, wierny doktrynie Elesh Norn, unosi swą wydłużoną dłoń i zalewa heretyka strumieniem sterylnego, białego światła. Wojownik Aurioków, uznany za niegodnego wielkiego zjednoczenia, zostaje bezlitośnie odepchnięty od świętego ołtarza w stronę mrocznych wrót wyjściowych. Jego mosiężne dłonie na próżno szukają oparcia na śliskiej posadzce, gdy potężna fala odrzuca go z powrotem na nieprzyjazne i spustoszone bezdroża Razor Fields.
477	Wychowani w niedostępnej Twierdzy Mędrców ptasi zwiadowcy nieustannie patrolują niebo nad górzystym terytorium klanu Jeskai. Ci elitarni lotnicy z rasy avenów przemierzają ogromne dystanse, z łatwością wykorzystując lodowate prądy powietrzne do błyskawicznego przemieszczania się po ośnieżonych szczytach Tarkiru. Ich prawdziwy potencjał bojowy ujawnia się jednak w starciu, gdy starożytne inkantacje odmawiane przez mnichów na klasztornych dziedzińcach nasycają oręż zwiadowców skoncentrowaną magią. Zasilony błękitną energią wojownik agresywnie pikuje w dół, a jego glewia, powiększona o ostre jak stal świetliste ostrze, gwarantuje miażdżące, błyskawiczne uderzenie w linie wroga.
478	Na brukowanych ulicach prowincji Gavony niezłomna wiara stanowi najskuteczniejszy pancerz przeciwko pomiotom nocy. Kiedy wataha dzikich wilkołaków przypuszcza szturm na nocny patrol, zdeterminowany katar wznosi ku niebu święty symbol Kościoła Avacyn. Z uświęconego srebra natychmiast wystrzeliwuje nieprzenikniona ściana czystego światła, o którą bezskutecznie opierają się pazury szarżującej bestii. Dzięki tej żarliwej modlitwie cały ludzki oddział zyskuje chwilę absolutnej ochrony, niezbędną do przeładowania kusz i przygotowania ostatecznego kontrataku.
479	Na jałowych stepach Tarkiru szarża watahy Kolaghan to zjawisko o niszczycielskiej sile samego żywiołu. Kiedy ciężkozbrojny ork z impetem uderza o skalisty grunt, uwięziona w ziemi magia uwalnia się pod postacią sejsmicznych wstrząsów i czerwonych błyskawic. Gwałtowna, dźwiękowa fala uderzeniowa błyskawicznie uderza w znajdującego się w pobliżu pieszego żołnierza klanu Abzan. Zanim w ogóle dojdzie do bezpośredniego zwarcia na broń, ogłuszający huk i wibracje skał fizycznie obezwładniają obrońcę, zmuszając go do porzucenia oręża w przypływie paraliżującego bólu.
480	W ukrytym w koronach drzew sanktuarium Doliny na Bloomburrow, Zoraline przyzywa potęgę samego kosmosu. Niezłomna kapłanka nietoperzy czerpie ze swoich własnych sił witalnych, splatając świetlistą magię gwiazd z cieniem nocy. Skoncentrowany strumień tej astralnej energii spływa na nieprzytomnego mysiego zwiadowcę, przywracając go do zmysłów za sprawą uświęconego błogosławieństwa. Choć ten cudowny powrót jest jedynie ulotnym darem wszechświata, odnowiony sojusznik znów staje w pełnej gotowości u boku obrońców puszczy.
481	W głębokich, zasypanych śniegiem borach Kaedwen niektóre pierwotne stworzenia pełnią rolę żywych drogowskazów do miejsc wolnych od plagi błądzących nekrofagów. Kiedy majestatyczny jeleń odnajduje uśpioną pod lodem, idealnie czystą polanę, dobrowolnie oddaje swoją fizyczną formę uświęconej ziemi. Ciało zwierzęcia rozsypuje się w wir szmaragdowej energii i świetlistych liści, które natychmiastowo topią zimowy puch, wydobywając z gleby jaskrawozielony mech oraz wiosenne kwiaty. Dzięki temu bezgłośnemu poświęceniu w samym sercu mrocznego lasu budzi się do życia zupełnie nowy, bezpieczny azyl dla strudzonych wędrowców.
482	Na Polach Brzytwotrawy młode pokolenie Aurioków nie ogląda się na utraconą wiedzę starszyzny, wykuwając w cieniu nieustannych walk zupełnie nową, potężną magię. Kiedy zdeterminowana wojowniczka uderza z powietrza bliźniaczymi ostrzami w zardzewiałe szczątki dawnych maszyn, potęga jej wewnętrznych przekonań fizycznie manifestuje się jako niszczycielski, podwójny błysk światła. Uświęcona energia w momencie zderzenia natychmiast łączy się z jej pancerzem, przekazując siłę ciosu wprost do jej własnego ciała w postaci lśniących pasm. Dzięki tej mistycznej więzi każde uderzenie w obronie ocalałych obozowisk na Mirrodinie bezpośrednio potęguje witalność obrońców, czyniąc z nich siłę nie do zatrzymania.
483	W najgłębszych, zapomnianych partiach podziemnych ruin Olteków na Ixalanie starożytne mechanizmy wciąż skrywają uśpioną potęgę. Kiedy wampirzy konkwistador z Legionu Zmierzchu przypuszcza niespodziewany atak, szaman z Rzecznych Heroldów aktywuje wiszącą w powietrzu, magnetyczną igłę. Potężny rozbłysk fioletowej energii chwyta stalowy pancerz najeźdźcy, całkowicie paraliżując jego ruchy i zamrażając go w połowie skoku. Unieruchomiony w ten sposób przeciwnik staje się całkowicie bezradny, dając obrońcom uświęconych jaskiń cenny czas na przegrupowanie.
484	W niezbadanych czeluściach podziemi Ixalanu, gdzie zawodzą tradycyjne metody nawigacji, zwiadowcy z Imperium Słońca sięgają po starożytną technologię Olteków. Złożony z lewitujących pierścieni i nasycony potężną magią Kompas Kamienia Wskazującego projektuje przed wędrowcami holograficzne mapy zapomnianych korytarzy. Ten bezcenny artefakt ułatwia eksploratorom omijanie śmiertelnych pułapek i odnajdywanie ukrytych przejść prowadzących do bogatych żył kosmium. Dzięki precyzyjnym wskazaniom reliktu każdy kolejny krok w głąb jaskiń hartuje odwagę wojowników, przygotowując ich na spotkanie z najstarszymi sekretami skrytymi w jądrze kontynentu.
485	Ze skalistego grzbietu nad zalanym mgłą Gatstaf, wygnana niegdyś wieśniaczka spogląda na dawny dom pod postacią potężnego wilkołaka. Wielki, blady księżyc Innistradu oświetla jej napiętą sylwetkę, uwypuklając srebrzystą bliznę na barku oraz strzępy szkarłatnego płaszcza, który nosiła jako człowiek. W dolinie migoczą nieliczne latarnie przerażonych mieszkańców, nieświadomych bliskości drapieżnika czatującego w mroku nocy. Bestia z napięciem obserwuje każdy ruch za obronną palisadą, gotowa sprowadzić niszczycielski gniew dzikich kniei Ulvenwaldu prosto pod progi ludzkich domostw.
486	Myśliwi z prowincji Gavony zbyt późno zdali sobie sprawę, że tropione przez nich bestie nie uciekły do puszczy Ulvenwaldu. Na zabłoconych brukach miasteczka ślady ciężkich skórzanych butów płynnie przeobraziły się w głębokie, szponiaste odciski łap. Chwilę później nocną ciszę rozdarł trzask łamanego drewna, gdy olbrzymi przywódca watahy Krallenhorde jednym uderzeniem zdruzgotał wrota lokalnej gospody. Gdy reszta stada wyłoniła się z mglistych zaułków, przerażeni mieszkańcy zrozumieli, że drapieżniki, przed którymi ryglowali drzwi, cały czas znajdowały się po ich stronie muru.
487	W mieście Lumengrid, zawieszonym nad spokojnymi wodami Morza Żywego Srebra, badacze z rasy Vedalkenów poświęcają swoje życia chłodnej kalkulacji i poszukiwaniu czystej wiedzy. Kiedy prymitywny, ognisty pocisk z górskiego terytorium Vulshoków zagraża cennym archiwom, czteroręki uczony nawet nie odrywa wzroku od badanych schematów. Rezonans trzech doskonałych, chromowanych artefaktów lewitujących wokół jego ramion automatycznie zasila pole ochronne, tworząc nieprzeniknioną barierę tuż przed uderzeniem. Wrogie zaklęcie bezsilnie rozbija się o geometryczną tarczę, a zneutralizowane zagrożenie spotyka się jedynie z absolutną, stoicką obojętnością mędrca.
488	W sercu miedzianego lasu Tangle viridiańscy zbrojmistrzowie zmuszeni są porzucić tradycyjne łuki na rzecz znacznie cięższego, metalowego oręża. Płynąca znad mokradeł Mephidrossu nowa, mroczna zaraza wymaga od obrońców stworzenia absolutnie nieprzeniknionej, fizycznej zapory z najtwardszych stopów Mirrodinu. Kiedy elficki rzemieślnik integruje ze swoim rynsztunkiem co najmniej trzy odrębne artefakty, jego miedziana skorupa zostaje w pełni zasilana, znacząco poszerzając jego gabaryty i siłę. Ta masywna, lśniąca zbroja staje się ostatnią linią obrony przed biomechanicznym horrorem, na który zwykłe, myśliwskie ostrza przestały już wystarczać.
489	W najgłębszych, pogrążonych w wiecznym mroku tunelach Khazad-dûm, zwykłe pochodnie okazują się bezużyteczne wobec potęgi tamtejszego zła. Przedzierający się przez kopalnie strażnik Północy korzysta ze starożytnej elfińskiej latarni, w której uwięziono czyste światło gwiazdy Eärendila. Blask ten bez trudu rozprasza najgęstszą ciemność i ujawnia ukryte na skalnych ścianach srebrzyste runy z ithildinu, wskazując wędrowcom bezpieczną drogę. W czasach, gdy cień Saurona rozciąga się nad całym kontynentem, to niepozorne źródło światła staje się dla udręczonych podróżnych prawdziwym zwiastunem nadziei.
490	W głębi podziemnych kryjówek Mirrodinu garstka ocalałych partyzantów próbuje stawiać rozpaczliwy opór najeźdźcom z Maszynowej Ortodoksji. Wojownik Darven nie podejrzewa, że jego najbliższy towarzysz broni, Malach, został już skażony i nosi w swoim ciele uśpioną, phyrexiańską esencję. W ułamku sekundy, pod wpływem sygnału z Rdzenia, ukryty agent budzi się do życia, a jego ludzkie zmysły zostają całkowicie zastąpione przez wolę Nowej Phyrexii. W niszczycielskim szale Malach niszczy swój własny, mirrański oręż i obraca się przeciwko zszokowanemu przyjacielowi, pieczętując tragiczny los ich małego oddziału.
491	W nienaruszonych ręką człowieka ostępach Brokilonu driady potrafią spleść swoją magię z wolą sprzymierzeńców, ofiarowując im najgłębsze błogosławieństwo puszczy. Zielonoskóra strażniczka czule obejmuje młodego elfa z oddziału Scoia'tael, pozwalając, by żywy bluszcz i twarda dębowa kora oplotły jego ramiona niczym niezniszczalny pancerz. Ten fizyczny uścisk natury nie tylko znacznie zwiększa siłę i odporność wojownika, ale też pozwala mu czerpać moc bezpośrednio z tętniących energią żył ziemi. Pod ich stopami gleba rozbłyskuje ciepłym, złocisto-zielonym światłem, gotowa zasilić najpotężniejsze zaklęcia potrzebne do obrony prastarego królestwa przed ludzkimi najeźdźcami.
492	Na bezkresnych, złotych równinach Riddermarku istnieją ciche doliny, w których czas zdaje się stać w miejscu. To tam, z dala od zgiełku Edoras i kopyt królewskiej jazdy, wznoszą się porośnięte trawą kurhany dawnych władców Rohanu. Każda z tych ustronnych mogił pokryta jest wiecznym całunem białych kwiatów simbelmynë, które kwitną nieprzerwanie, przypominając o chwale minionych er. Wędrowcy poszukujący wytchnienia odnajdują w tych uświęconych stepach głęboki spokój oraz duchowe przewodnictwo, czerpane wprost z pamięci o dawnych bohaterach.
493	Kiedy starożytne Podniebne Enklawy z potężnym łoskotem wyrywają się z objęć Zendikaru, ciągną za sobą w niebo głęboko uśpione, podziemne ekosystemy. Wybudzona przez tektoniczny wstrząs Roilu gigantyczna stonoga z impetem przebija się przez kruszejące, pokryte runami mury wznoszącej się fortecy. Świeże pęknięcia w architekturze odsłaniają pulsującą żyłami magmę, która oświetla pancerz drapieżnika surową, czerwoną energią niespokojnego planu. Zasilony tą erupcją sił natury, opancerzony tytan z łatwością miażdży starożytne mury pod swoimi licznymi odnóżami, gotów stratować każdego poszukiwacza przygód badającego nowe ruiny.
494	W nieprzebytych dżunglach Ixalanu przetrwanie gigantycznych gadów od zawsze opiera się na niezłomnej sile stada. Kiedy potężny, upierzony drapieżnik wydaje z siebie gardłowy zew, z gęstwiny natychmiast wyłania się jego pobratymiec, stając ramię w ramię z liderem. Zsynchronizowana szarża dwóch wielotonowych bestii z łatwością kruszy zmurszałe pnie i przedziera się przez najgęstsze zarośla, miażdżąc wszelkie przeszkody na szlaku. Wojownicza poetka Huatli z Imperium Słońca odnajduje w tej bezbłędnej kooperacji naturalny dowód na to, że w obliczu nadchodzącego zagrożenia zjednoczenie sił pozostaje jedyną drogą do przetrwania.
495	W gwarnych karczmach Waterdeep trzymanie ognistego żywiołaka w roli maskotki to nieustanne balansowanie między wygodą a pożarem. Ten niewielki, agresywny jaszczur z magmy potrafi w ułamku sekundy skoczyć na każdego owada czy intruza zbliżającego się do szynku, plując przy tym niekontrolowanym płomieniem. Jego niszczycielskie instynkty regularnie obracają w popiół cenne pergaminy z zamówieniami i wypalają głębokie ślady w starym, dębowym drewnie blatu. Mimo tych oczywistych szkód, obecność gorącego drapieżnika gwarantuje właścicielowi, że postawiony w jego pobliżu żeliwny czajnik z wodą przez całą dobę utrzymuje idealną temperaturę do parzenia herbaty.
496	Na krawędzi Wielkiej Kaldery wulkanicznego kontynentu Shiv, czarodzieje z plemienia Ghitu poddają się rytuałom zjednoczenia z pierwotną magią ognia. Otoczony falami płynnego bazaltu, młody ghituński wojownik unika grawitacji, unosząc się wysoko nad jeziorem wrzącej lawy. Z jego ramion rozwijają się potężne, majestatyczne skrzydła uformowane z czystej plazmy, przegrzanego popiołu i płynnego ognia, niosące go ku niebu. Gdy pradawna potęga Shivan Dragona wypełnia jego żyły, jego oczy i gardło rozbłyskują żarem, zwiastując niszczycielski oddech zdolny stopić nawet najtwardsze pancerze.
497	W błotnistych okopach zniszczonej Terisiare, argiviańscy inżynierowie z armii Urzy do perfekcji opanowali sztukę pętania niszczycielskich machin wroga. Masywny, zębatkowy konstrukt bojowy Mishry szarpie się bezradnie, przygwożdżony do ziemi przez oślepiającą sieć gęstych, elektrycznych wyładowań. Pułapka nie tylko całkowicie paraliżuje stalową bestię, ale powoli wysysa jej zgromadzoną moc napędową. Energia z uwięzionego potwora spływa miedzianymi kablami prosto do mosiężnego kondensatora, gdzie z sykiem krystalizuje się w lśniący, bezcenny Kamień Mocy.
498	Po wygranym, lecz wyczerpującym starciu z wojownikami Imperium Słońca, pokład okrętu Floty Otchłani usłany jest resztkami strzaskanego oręża. Ciemno odziany korsarz staje na skraju uszkodzonej burty, zrzucając butem zniszczone tarcze pokonanych wrogów prosto w morską przepaść. Osłabieni wcześniejszym abordażem przeciwnicy podzielają los swojego ekwipunku, znikając bezpowrotnie w oceanie. W mrocznych, spienionych głębinach wokół galeonu gromadzą się już wygłodniałe rekiny, by dokończyć egzekucję zapoczątkowaną na pokładzie statku.
499	Wojownicy ze smoczego klanu Kolaghan wierzą, że prawdziwe panowanie nad Tarkirem wymaga obrócenia terytorium wroga w całkowitą ruinę. Na wietrznych szczytach gór Ojutai bezlitosny najeźdźca wymierza miażdżący cios w starożytny, mosiężny monument, niszcząc bezcenny relikt dawnej wiedzy. Potworna siła tego uderzenia nie tylko rozrywa rzeźbę, ale kruszy same fundamenty szczytu. Uświęcona ziemia pęka, a potężne bloki marmurowego tarasu obrywają się w mglistą przepaść, nie pozostawiając obrońcom nic poza gruzem.
500	Podczas odpoczynku w bezpiecznym sanktuarium Haven, Tarcza Króla porzuca na chwilę swoje bojowe obowiązki. Siedząc przy ognisku obok zaparkowanej Regalii, Gladiolus Amicitia w pełni poświęca się swojej największej kulinarnej obsesji. Z chirurgiczną precyzją, potężny wojownik zrzuca ze szczypiec wprost do styropianowego kubka perfekcyjnie odmierzoną mieszankę opiekanego mięsa, jajka i krewetek. Ten błyskawicznie przygotowany posiłek, nasycony absolutną harmonią smaków, regeneruje jego organizm o wiele szybciej niż jakikolwiek magiczny eliksir stworzony w laboratoriach Niflheimu.
501	W trzewiach Autonomicznego Pieca na Mirrodinie, fyreksyjscy nadzorcy kuźni nie znają pojęcia ograniczeń operacyjnych, projektując maszyny o zwielokrotnionej sile rażenia. Potężny, biomechaniczny konstrukt znany jako Egzekutor z Magmarch przekierowuje destrukcyjną energię przez swój główny reaktor, powielając niszczycielski potencjał każdego ataku. Z podwójnych dział bestii tryska mroczna plazma, obracając w perzynę mirrańską barykadę i pobliską wieżę przekaźnikową w jednym, zsynchronizowanym uderzeniu. Nawet gdy desperacki ogień obrońców przebija pancerz maszyny, pulsujące czerwienią organiczne ścięgna natychmiast zasklepiają wyrwę wrzącym żelazem, nie przerywając jej bezlitosnego marszu.
502	W wyschniętych, piaszczystych kanionach Tarkiru kapłani klanu Abzan niestrudzenie poszukują obumierających Drzew Przodków, by ocalić dziedzictwo swojego ludu przed zatarciem. Zmęczony wędrówką druid odnajduje skamieniały pień i natychmiast przekazuje mu własne siły witalne, przelewając magiczną energię prosto w spękaną korę. Ta mistyczna ofiara błyskawicznie wybudza uśpione w drewnie dusze, a z jałowych konarów wyłania się lśniący, widmowy kształt starożytnego wojownika. Ocalony od zapomnienia duch staje w gotowości, stanowiąc żywy dowód na to, że potęga zmarłych krewnych wciąż czuwa nad losem żyjących.
503	Na rozległych, smaganych wiatrem stepach północnego Rhovanionu, potężne szkielety smoków z Gór Szarych stanowią jedyne pomniki dawno minionych epok. Te gigantyczne, pobielone słońcem kości stały się naturalnym schronieniem dla drapieżnych sokołów o rdzawych skrzydłach, które krążą nad bezkresnymi preriami. Z wysokości dawnych smoczych żeber ptaki te bacznie obserwują suchą trawę, wypatrując najmniejszego ruchu pośród karłowatych krzewów. Choć dawne gady zginęły z rąk legendarnych bohaterów, ich szczątki wciąż służą nowemu życiu jako bezpieczne gniazda i doskonałe punkty obserwacyjne dla władców przestworzy.
504	W przygranicznych garnizonach Redanii stacjonujących w Velen największe zagrożenie często ukrywa się w szeregach samych obrońców. Masywny piechur obsługujący ciężką balistę wzorowo wykonuje swoje obowiązki, potężnym strzałem likwidując zbliżające się do palisady monstra na długo przed zmrokiem. Jego towarzysze broni nie zwracają jednak uwagi na nienaturalnie gęste owłosienie na ramionach strzelca ani na jego drapieżne, żółte ślepia skryte pod hełmem. Lojalność tego zaprawionego w bojach żołnierza utrzyma się względem króla tylko do momentu, w którym słońce ostatecznie skryje się za linią czarnych drzew.
505	Gdy noc spowija redańskie obozy wojskowe w Velen, klątwa likantropii ostatecznie zrzuca maskę dyscypliny z zarażonych żołnierzy. Zwykły strażnik przeistacza się w gigantycznego wilkołaka, a jego nadludzka siła pozwala mu z łatwością wyrwać dębową balistę z żelaznych mocowań. Trzymając załadowaną, ciężką machinę oblężniczą niczym podręczną broń, bestia mierzy w stronę zaskoczonego obozowiska. Sama obecność tak potężnego, opancerzonego futrem i uzbrojonego w artylerię potwora całkowicie paraliżuje obrońców, odbierając im jakąkolwiek wolę do zablokowania nadchodzącego ciosu.
506	W miedzianych ostępach lasu Tangle na planie Mirrodin najmniejsza kropla lśniącego oleju stanowi wyrok dla całej fauny. Kiedy zakażony drapieżnik ostatecznie pada na ziemię, jego zatrzymany rdzeń staje się zaledwie początkiem znacznie większej asymilacji. Nieruchoma kałuża czarnej substancji wokół jego powłoki bezgłośnie pochłania sąsiadujący mech, pokrywając otoczenie ostrymi, phyrexiańskimi strukturami. Każde inne stworzenie przebywające w strefie tego skażenia natychmiast absorbuje toksyczną zarazę, a uśpiona w nim infekcja bezpowrotnie wkracza w kolejną fazę w imię wiecznej doskonałości.
507	W trzewiach Wielkiego Pieca na Mirrodinie kapłani Kuldothy nie postrzegają destrukcji jako aktu zwykłego wandalizmu, lecz jako najwyższą formę artystycznej ekspresji. Krol, słynący z zamiłowania do ekstremalnych spektakli, z nieskrywaną dumą podziwia swoje najnowsze dzieło. Kiedy uwolniona z rdzenia moc rozsadza od wewnątrz masywnego, żelaznego golema, rozgrzane do czerwoności odłamki pancerza tworzą na ułamek sekundy idealną, ognistą mandalę. Dla wyznawców czerwonej many ten krótki błysk oślepiającego światła i perfekcyjny rozkład zniszczonego metalu jest prawdziwym arcydziełem, wielokrotnie cenniejszym niż jakakolwiek funkcjonująca maszyna.
508	Wody Morza Syren na planie Theros są niepodzielną domeną bogini Thassy, a jej wyznawcy, dumni Trytoni, strzegą ich z absolutnym oddaniem. Kiedy walczący na wybrzeżu morski mag otrzymuje uświęcone wsparcie od swoich sojuszników, jego uśpiony heroiczny potencjał zostaje uwolniony. Zasilony obcą magią wojownik wykorzystuje potęgę oceanu, by nałożyć na wroga nienaturalną pułapkę w postaci twardej, wodnej kolumny. Zamknięty w przezroczystej klatce minotaur z klanu Mogisa zostaje perfekcyjnie i długotrwale sparaliżowany, stając się bezużytecznym pionkiem w trwającej na lądzie bitwie.
509	Na mroźnych i nieprzyjaznych szczytach Qal Sisma łowcy z klanu Temur ruszają na łowy, by zapewnić przetrwanie swoim rodzinom podczas srogiej zimy. Olbrzymi jeleń, najcenniejsze trofeum tych surowych wyżyn, staje się celem cichego podchodu doświadczonego trapera. Zgodnie z naukami szamana Chianula, potężne poroże tego szlachetnego zwierzęcia posłuży później do rytualnego wsłuchiwania się w szepty przodków klanu. Choć odebranie mu życia jest bolesną koniecznością, jego pożywne mięso i gęste futro tchną nową żywotność w osłabionych mrozem koczowników.
510	Gdy mroczne siły zagrażają wolnym ludom Faerûnu, wysłanniczka Pana Brzasku, Lathandera, zstępuje z niebios w pierwszych promieniach poranka. Jej czysty, rezonujący nad zamkowymi murami śpiew przedziera się przez ciszę nocy, niosąc nadzieję tym, których głos został bezwzględnie stłumiony. Złoty pył porannej zorzy, opadający z jej majestatycznych skrzydeł, dotyka strudzonych obrońców, momentalnie wlewając nową odwagę w ich serca. Pod wpływem tej boskiej pieśni, rycerze w zbrojach z symbolem wschodzącego słońca prostują plecy i z niezłomną czujnością szykują się do ostatecznego odparcia ciemności.
511	W niedostępnych, wiecznie zielonych ostępach Brokilonu driady strzegą nielicznych ocalałych oryksów, uznając te dumne stworzenia za święte relikty dawnej koniunkcji sfer. Te rzadkie antylopy poruszają się bezszelestnie pośród najgęstszych zarośli puszczy, pozostając całkowicie niewidzialnymi dla ludzkich myśliwych i kłusowników. Kiedy jedno z tych mistycznych zwierząt dokonuje żywota, jego ciało szybko powraca do łona ziemi, zasilając wieczny ekosystem lasu. Na dnie Brokilonu pozostają jedynie ich lśniące, szmaragdowe kości, które leśne strażniczki pozostawiają nienaruszone jako święty dar i symbol wiecznego trwania puszczy.
512	W niekończących się, klaustrofobicznych korytarzach demonicznego Domu Valgavotha rzeczywistość nagle załamuje się pod stopami uciekinierów. Cybernetyczny ninja Kaito Shizuki wraz ze swym mechanicznym dronem zostają bezlitośnie wciągnięci przez zniekształconą boazerię, która pożera materię niczym wygłodniała paszcza. W desperackim zrywie Wędrowczyni rzuca się do przodu, wyciągając opancerzoną dłoń na ratunek swojemu dawnemu przyjacielowi z Kamigawy. Jej palce zaciskają się jednak wyłącznie na pustym powietrzu i błękitnych, rozpływających się powidokach, gdy sylwetka wojownika ostatecznie znika w niemożliwej architekturze mrocznego planu.
513	Na wzburzonych wodach wokół Ixalanu dowódcy Koalicji Bezczelnych wiedzą, że największe zagrożenie rzadko płynie ze strony wrogich flotylli, a znacznie częściej z ich własnego pokładu. Gdy karmazynowa burza uderza w żagle galeonu, jej dzika, rozprzestrzeniająca się energia błyskawicznie przejmuje umysły i ciała pokładowych zabijaków. Z oczami płonącymi nienaturalnym blaskiem, wierny dotąd bosman gwałtownie przykłada ostrze kordelasa prosto do gardła swojego obwieszonego złotem kapitana. Ta niekontrolowana fala magii zmusza załogę do brutalnego buntu, udowadniając najstarszą zasadę morskich szlaków, według której każdy ostatecznie staje po stronie silniejszego.
514	W mrocznych kniejach Ulvenwaldu nieliczni łowcy z prowincji Kessig potrafią nawiązać pierwotną, mistyczną więź z dzikimi bestiami. To starożytne przymierze nie tylko sprowadza potężnego wilka u boku wojownika, ale również nasyca mięśnie człowieka nienaturalną, drapieżną siłą. Ze szmaragdowym blaskiem w oczach ludzki myśliwy i jego zwierzęcy towarzysz rzucają się do wspólnego ataku z perfekcyjną, wręcz telepatyczną synchronizacją. Ta nierozerwalna fuzja instynktów sprawia, że dwójka staje się jednym, śmiercionośnym organizmem w walce z koszmarami wędrującymi po bezdrożach Innistradu.
515	Nad wypalonymi pustkowiami jednego z księżyców systemu Sothera unosi się potężny okręt desantowy, wypluwając z silników kaskady ognia i gęstego pyłu. Karmazynowy kadłub maszyny, wyblakły i pokryty wojennymi szramami, opuszcza ciężką rampę tuż nad ostrymi, czarnymi skałami. Z mrocznego wnętrza ładowni wypadają zautomatyzowane drony bojowe, gotowe uderzyć z powietrza w strategiczne punkty obrony przeciwnika. Na tle purpurowego nieba i rosnącej na horyzoncie czarnej superpustki ten toporny wehikuł zwiastuje bezlitosny szturm, torując drogę najemnikom walczącym o terytorium na Krańcu.
516	W sercu Dziesiątego Dystryktu dojrzała wojowniczka Legionu Boros staje na zrujnowanej barykadzie, blokując drogę intruzom na kluczowy plac targowy. Odłamki kamieni i zgniecione jesienne liście pokrywają bruk wokół niej, będąc świadectwem zaciętych walk o każdą ulicę i aleję Ravniki. Wyszczerbiony miecz weteranki wyznacza kierunek kolejnego natarcia, a jej opancerzona dłoń mocno chwyta za ramię młodszego rekruta, dźwigając go z powrotem do szyku bojowego. Pamięć o złożonej przysiędze nakazuje jej trwać na stanowisku, broniąc architektonicznego dziedzictwa tego wielkiego miasta przed całkowitym upadkiem.
517	Na mroźnych przełęczach pasma Qal Sisma porywczy zwiadowca klanu Mardu bez zawahania zaszarżował na terytorium obrońców pogranicza. Odziany w niedźwiedzie skóry Szaman Szeptów z klanu Temur, czerpiąc siłę z surowego otoczenia, uwolnił ze swoich dłoni skoncentrowaną falę magii żywiołów. Gwałtowne uderzenie nasyconego magią wiatru uderzyło w najeźdźcę, wymazując drapieżnego orka z rzeczywistości i zastępując jego ciało bezkształtną chmurą wodnej mgły. Przerażony, pozbawiony pana wierzchowiec zahamował z piskiem w zaspie, a z jego pustego siodła w głęboki śnieg wpadł jedynie żelazny tasak.
518	W mroźnych ostępach pasma Qal Sisma koczownicy klanu Temur do perfekcji opanowali sztukę ukrywania swoich sił pod osłoną wiecznych zamieci. Z pozornie pustej zaspy śnieżnej nagle wyłania się gigantyczny loxodon, gwałtownie zrzucając z siebie zwały lodu i stając w pełnej wysokości. Pokryty grubym futrem i uzbrojony w prymitywny oręż z kości weteran jest w naturalny sposób przystosowany do walki w skrajnych temperaturach. Nawet najstarsi wodzowie klanu z głębokim szacunkiem traktują tych mamucich wojowników, których niesłychana siła i zdolność do nagłego ataku z ukrycia łamie szyki każdej wrogiej hordy.
519	W sercu gęstwiny Wysokiego Lasu potężny zielony smok zwinął swoje masywne cielsko wokół pnia kolosalnego dębu, stając się jednością ze szmaragdowym półmrokiem korony drzew. Mimo rozmiarów gad pozostaje całkowicie w bezruchu, ignorując sarny przemykające w poszyciu i wpatrując się wyłącznie w lukę w leśnym sklepieniu. Z jego nozdrzy niespiesznie ulatuje cienka smużka trującego gazu, będąca jedynym ostrzeżeniem dla czegokolwiek, co ośmieli się wlecieć w jego przestrzeń powietrzną. Zgodnie z notatkami słynnego podróżnika Volothampa Geddarma, te terytorialne bestie to mistrzowie cierpliwości, atakujący z morderczą precyzją jedynie intruzów nadlatujących z przestworzy.
520	W wilgotnych, ociekających złotem kryptach Kheru potężny rakshasa spogląda z góry na klęczącego przed nim zdesperowanego kupca. Pazurzasta dłoń kociego demona podsuwa śmiertelnikowi drogocenny klejnot, będący zapłatą w mrocznym pakcie na rzecz klanu Sultai. Wokół kamiennego tronu walają się wyschnięte szczątki dawnych dłużników, z których emanuje turkusowa mgła zakazanej, nekromantycznej magii. Gdy widmowe opary wnikają w nienaturalnie rozdęte mięśnie bestii, jej sylwetka staje się jeszcze bardziej masywna i przytłaczająca.
521	W nieprzebytych ostępach Brokilonu zwinna driada zajmuje pozycję na konarach wiekowego dębu, by strzec granic swojego królestwa. Zgodnie z wolą pani Eithné, wojowniczka używa pierwotnej magii lasu, zmuszając kolczaste pędy jeżyn do utkania gęstej sieci wysoko pod koronami drzew. Ta żywa zapora ma pochwycić każdy zwiad powietrzny wysłany z sąsiedniego Verden, zanim intruzi zdołają dostrzec ścieżki nieludzi. Z naciągniętym łukiem i liściastą koroną na skroniach, obrończyni cierpliwie czeka, aż ofiara zaplącze się w mordercze sidła natury.
522	W głębokich ostępach lasu Drakwald brutalny gor zostaje nagle zatrzymany w połowie morderczej szarży przez żarliwego kapłana bitewnego. Wysłannik kultu Sigmara unosi w górę żelazny symbol dwuogoniastej komety, skupiając w nim całą potęgę swojej wiary. Święta energia błyskawicznie materializuje się pod postacią świetlistych łańcuchów, które ciasno oplatają kopytne nogi pomiotu Chaosu, fizycznie wiążąc go z ziemią. Złapana w świetlistą pułapkę bestia bezwładnie leci do przodu, a jej potężny oręż bezużytecznie wbija się w leśne błoto, neutralizując wszelkie zagrożenie z jej strony.
523	W gęstych, mrocznych lasach Velen nawet najstarsze szlaki kupieckie nigdy nie są całkowicie bezpieczne. Spod warstwy grząskiego błota i gnijących liści gwałtownie wyłania się gigantyczny skolopendromorf, z łatwością łamiąc na pół stuletnią wierzbę. Przerażający wij o potężnych żuwaczkach w amoku atakuje wszystko, co bezwiednie wejdzie na jego terytorium. Doświadczony wiedźmin ze Szkoły Gryfa płynnym ruchem unika pierwszego ciosu, zacieśniając chwyt na srebrnym mieczu przed ostatecznym starciem z opancerzoną bestią.
524	W cuchnących zaułkach Altdorfu, gdzie patrole straży miejskiej rzadko zapuszczają się po zmroku, na sługę Imperium czekała brutalna zasadzka ze strony kultystów Chaosu. Zepchnięty do ostateczności młody giermek z Zakonu Gorejącego Słońca w akcie desperacji aktywował starożytny relikwiarz ukryty w rękojeści swojego miecza. Za sprawą dawno zapomnianych inkantacji magii Hysh, ze zdobionego jelca gwałtownie wytrysnęło ostrze ze stałego, oślepiającego światła. Nagły rozbłysk magicznej broni zaskoczył napastników, dając młodzieńcowi ułamek sekundy na wyprowadzenie pierwszego i decydującego pchnięcia.
525	Na skutych mrozem przełęczach Księstwa Rosarii, Jill Warrick staje na drodze oddziałom Żelaznego Królestwa, by dać czas na ewakuację swoim sojusznikom. Pojawienie się Dominanty na polu bitwy błyskawicznie łamie szyki wroga, gdy uderzenie jej rapiera wyzwala gwałtowną falę lodowcowych kolców. Fizyczna siła magicznego mrozu z łatwością podrywa w powietrze zakutych w stal napastników, odrzucając ich daleko od wyznaczonej linii obrony. Z każdym zaczerpniętym oddechem eteru ciało dziewczyny pokrywa się coraz grubszą warstwą lodu, przygotowując powłokę na nadejście Eikona Śniegu.
526	W sercu podziemnego świata Ixalanu, przed prastarym ołtarzem nietoperzowego boga Aclazotza, fanatyczny wampir Vito z Legionu Zmierzchu wznosi ręce w akcie ostatecznego oddania. Mroczna potęga spływa na jego zakuty w ciemną stal pancerz konkwistadora, nasycając go potężną, fioletową energią z głębin planu. Ten bluźnierczy rytuał bezpowrotnie zmienia naturę arystokraty, wynosząc go do rangi potężnego, półdemonicznego bytu. Odmieniony i przepełniony nową mocą, nieumarły kapłan szykuje się do poprowadzenia bezlitosnej krucjaty przeciwko zjednoczonym siłom Słonecznego Imperium.
527	W pokrytych śniegiem ostępach Valisthei Jill Warrick odrzuca narzucone jej brzemię, całkowicie poddając się woli drzemiącego w niej Eikona. Uwalniając pradawną potęgę, wojowniczka transformuje w majestatyczną Shivę, której sama fizyczna obecność drastycznie obniża temperaturę otoczenia. Gęsta, szroniąca mgła błyskawicznie pokrywa pole bitwy grubą warstwą nieprzeniknionego lodu, paraliżując wszelkie ruchy żołnierzy Żelaznego Królestwa i odcinając im drogi ucieczki. Mroźna strażniczka unosi się ponad wykreowanym przez siebie lodowcem, zdeterminowana powstrzymać każdego intruza tchnieniem ostatecznego chłodu.
528	Niezłomna Wędrowczyni przecina barierę rzeczywistości, wkraczając prosto w nieskończone, opresyjne korytarze Domu na planie Duskmourn. Jej wrodzona magia przestrzenna gwałtownie reaguje z nienaturalną geometrią tego miejsca, iskrząc chłodnym, błękitnym światłem na krawędziach międzywymiarowej wyrwy. Złowroga architektura demona Valgavotha natychmiast próbuje osaczyć intruza, rozwijając przed bohaterką labirynt wypaczonych, klaustrofobicznych pokoi pokrytych zbutwiałą tapetą. Biała wojowniczka z Kamigawy pewnie opiera dłoń na rękojeści swojej katany, gotowa zmierzyć się ze zjawami czającymi się w migoczącym mroku sztucznego oświetlenia.
529	Na sześciokątnych brzegach Morza Rtęci awangarda sił Nowej Phyrexii próbuje przełamać linie obronne mirrodiańskiego ruchu oporu. Varil, genialny partyzant ze szczepu Neuroków, wykorzystuje swoją biegłość w magii eteru do przejęcia kontroli nad płynnym krajobrazem planu. Z gładkiej tafli oceanu wypiętrza się kolosalna fala ciężkiego, lustrzanego metalu, która z impetem uderza w nacierające biomechaniczne monstra, całkowicie łamiąc ich morderczy szyk bojowy. Ten namacalny dowód arkanicznej inżynierii udowadnia, że bezmyślne roje Ortodoksji Maszyn zapłacą najwyższą cenę za każdy krok postawiony na ziemiach Mirran.
530	W tętniącym życiem, kolosalnym lesie Oran-Rief na planie Zendikar pozory łagodności są dla nieostrożnych wędrowców najszybszą drogą do zguby. Kiedy zmutowane pnącza próbują z zaskoczenia oplątać nogi potężnego gladeharta, to rzekomo spokojne zwierzę błyskawicznie miażdży zagrożenie swoimi twardymi jak skała kopytami. Z każdym mocnym uderzeniem w niestabilną, nasyconą magią glebę, wokół bestii natychmiast rozkwitają świetliste paprocie, manifestując pierwotną i życiodajną energię tego dzikiego świata. Według zapisków lokalnego trapera Yona Basrela, tylko bezwzględna brutalność połączona z instynktowną więzią z naturą pozwala tutejszym roślinożercom przetrwać nieustanne zjawisko Przebudzenia Ziemi.
531	Podczas trwającej Epoki Lodowcowej na Dominarii nieustraszona zwiadowczyni Disa Niespokojna przemierza zasypane śniegiem pustkowia dawnego Terisiare. W pobliżu zrujnowanych filarów starożytnego imperium wojowniczka odnajduje w zmarzlinie masywne, szponiaste ślady należące do przerażającego lhurgoyfa. Klęcząc na mroźnym wietrze u stóp błękitnych lodowców, badaczka z uwagą dotyka wyżłobionego lodu, analizując kierunek marszu potężnej bestii. Jej bezcenne notatki z tych wypraw przetrwają wieki, służąc przyszłym pokoleniom wędrowców za jedyne ostrzeżenie przed potwornościami żerującymi na rubieżach Kjeldoru.
532	W mrocznym, zalanym deszczem zaułku Altdorfu trzej rzezimieszcy zaganiają w kozi róg ubranego w bufiasty strój barda, licząc na szybki rabunek. Zamiast sięgnąć po sakiewkę, pewny siebie artysta z uśmiechem unosi dłoń, zatrzymując napastników potokiem kwiecistych, zbijających z tropu słów. Zdezorientowani bandyci zastygają w bezruchu, wpatrując się w ofiarę i mimowolnie opuszczając swoją zardzewiałą broń. Ta krótka chwila słabości przesądza o ich losie, gdyż z gęstej mgły tuż za ich plecami wyłaniają się wezwani wcześniej halabardnicy ze straży miejskiej, domykając pułapkę.
533	W głębokich, miedzianych ostępach lasu Tangle na planie Mirrodin biomechaniczne drapieżniki bezlitośnie eliminują każdą słabość na polecenie Nowej Phyrexii. Kobra o żelaznym kapturze, ukryta dotąd wśród patynowanych kabli i metalowych paproci, z niezwykłą precyzją wyczekuje na najmniejszy ruch w koronach sztucznych drzew. Nagłe, nienaturalnie wysokie wybicie się potwora pionowo w powietrze pozwala mu dosięgnąć ofiary próbującej uciec w przestworza. Zgodnie z bezlitosną filozofią pretora Vorinclexa, o przetrwaniu decyduje nie tylko potężny rozmiar, ale przede wszystkim zabójczy, korodujący metal jad zdolny powalić wielokrotnie większego przeciwnika.
534	Na zdradliwych rubieżach Pustkowi Chaosu potężny czempion Khorne'a zostaje trafiony klątwą rzuconą przez wrogiego czarnoksiężnika. Pradawne zaklęcie natychmiast wchodzi w reakcję z bluźnierczą stalą pancerza, rozgrzewając ją do temperatury magmy w ułamku sekundy. Grube płyty żelaznego hełmu gwałtownie zamieniają się w bulgoczący żużel, bezlitośnie oblewając głowę i gardło uwięzionego w nim wojownika. Mimo że płynny metal całkowicie zaspawał szczeliny wizjera, nad wyciem demonicznego wiatru wciąż góruje nieludzki, niekończący się ryk ofiary.
535	W głęboko ukrytych czeluściach Skavenblight, spaczeni inżynierowie z Klanu Skryre prowadzą nieskończony cykl makabrycznych eksperymentów. Na pokrytych pleśnią stołach tysiące zwykłych rynsztokowych gryzoni poddawanych jest działaniu czystej magii Chaosu i prymitywnej, skaveńskiej inżynierii. Wszczepiane w ich ciała odłamki pulsującego spaczenia i mosiężne mechanizmy zmieniają pospolite szkodniki w bezmyślne, agresywne mutanty. Gdy jeden miot tych potworności zostaje wypuszczony do tuneli pod imperialnymi miastami, z klatek natychmiast wyciągane są kolejne osobniki, by zająć ich miejsce na stołach operacyjnych.
536	Kiedy kosmiczne zderzenie odłamków Alary rzuciło prymitywne hordy na krystaliczne mosty Esperu, sekta Ethersworn musiała natychmiast udowodnić wyższość swojej ewolucji. Chłodna w obejściu wedalkeńska mag bitewna staje na drodze deszczu kościanych włóczni miotanych przez nieumarłych najeźdźców z Grixis. Jednym precyzyjnym ruchem swoich nasyconych eterium ramion kobieta manifestuje gęstą, geometryczną barierę ze stwardniałej many, o którą bezsilnie kruszy się oręż wroga. Ochroniona przed uderzeniem, za plecami czarodziejki bezpiecznie kroczy w pełni zmechanizowana bestia, dla której ten akt obrony jest ostatecznym dowodem na potęgę dążenia do absolutnej perfekcji.
537	Wysoko nad poszarpanymi kanionami Makindi zwiadowczyni z rasy Kor zwisa na linach z krawędzi jednego z gigantycznych, lewitujących płaskowyżów Zendikaru. Zawieszona nad przepaścią kobieta precyzyjnie nanosi na pergamin układ przemieszczających się skał, całkowicie ignorując smagający ją wiatr. Zgodnie z tradycją jej ludu, nie jest to odkrywanie nieznanych lądów, lecz skrupulatne odtwarzanie bezpiecznych dróg do zapomnianych ojczyzn pochłoniętych niegdyś przez niszczycielski Roil. Gdy tylko rzut oka z dużej wysokości pozwala jej zlokalizować stabilny, trawiasty ląd, natychmiast wyznacza dla swojej karawany nową ścieżkę przeprawy.
538	Wysoko w górach nad klasztorem Dirgur pierzaste smoki z lęgu Ojutai patrolują niebo, strzegąc świętego terytorium przed intruzami. Gdy tylko orkowy wojownik klanu Kolaghan próbuje przypuścić atak na kamienne mury, zstępujący z chmur gad uwalnia z paszczy gwałtowny strumień krystalicznego zimna. Magiczny mróz natychmiast zatrzymuje barbarzyńcę w locie, uwięziwszy jego ciało oraz oręż w nierozerwalnej, lodowej skorupie. Unieruchomiony najeźdźca pozostanie w tej pułapce przez wiele dni, gdyż smocze zaklęcie utrzymuje się w powietrzu, samoczynnie odnawiając narastające warstwy szronu.
539	W cienistych, prastarych ostępach Wysokiego Lasu oddany sługa Dębowego Ojca wzywa samą ziemię do zbrojnej obrony przed intruzami. Potężny smokowiec, czerpiąc pierwotną magię wprost z żył natury, wsuwa szponiaste dłonie głęboko w glebę, by przebudzić uśpione siły Faerûnu. Na jego zew z pękniętej ziemi i splątanych korzeni wyłania się gigantyczny żywiołak, w ułamku sekundy formując niszczycielską masę ze skał i twardego drewna. Pobłogosławiony przez samego Silvanusa awatar natury z furią rusza na wroga, miażdżąc na swojej drodze wszelkie zagrożenia dla nienaruszonej kniei.
540	W labiryncie novigradzkich kanałów, gdzie słońce nigdy nie dociera, prawdziwymi łowcami są potężne stada zmutowanych szczurów. Kiedy samotny poszukiwacz skarbów próbuje przemycić cenne mapy pod rynsztokami miasta, agresywne gryzonie gwałtownie odcinają mu drogę ucieczki. Osaczony przez drapieżniki, mężczyzna musi przerwać poszukiwania i kurczowo osłaniać swoje zdobycze przed zębami bestii. Atak zmusza go do wstrzymania wszelkich planów, dopóki nie przepędzi piszczącego roju z powrotem do mroku.
541	W tętniącym życiem rzemieślniczym dystrykcie Bomat na Kaladeshu żaden cech nie może funkcjonować bez ciężkich barek transportowych napędzanych eterem. Gdy potężny, mosiężny kadłub z impetem wbija się w wody głównego kanału Ghirapuru, dostawa świeżych zasobów natychmiast przyciąga uwagę lokalnych inwentorów. Solidna konstrukcja statku z łatwością znosi ogromny ciężar zasilających miasto rdzeni, dostarczając cenne surowce niezbędne do ukończenia najnowszych projektów. Aby jednak ta rzeczna forteca mogła bezpiecznie manewrować między filarami wąskich wiaduktów, stery muszą spoczywać w dłoniach niezwykle silnej i doświadczonej załogi.
542	W przepastnych korytarzach we wnętrzu Mirrodina partyzanci z ruchu oporu wykorzystują zaawansowaną inżynierię do przełamywania szyków wroga. Precyzyjnie rzucona, wielościenna bomba sferyczna rozrywa się na stalowym pokładzie, uwalniając ładunek obezwładniającego, karmazynowego światła. Oślepiający blask i nagły wstrząs sensoryczny wywołują bezwarunkową panikę u biomechanicznego strażnika Nowej Phyrexii, zmuszając go do opuszczenia gardy i upuszczenia ciężkiej włóczni. Ten krótki moment fizycznej dezorientacji obrońcy bezbłędnie otwiera drogę mirrańskim wojownikom do dalszego natarcia.
543	Na spowitych mgłą cmentarzach mrocznej Sylvanii bezwzględni łowcy czarownic z Imperium muszą polegać na najprostszych, ale absolutnie sprawdzonych narzędziach. Grubo ociosany, dębowy kołek staje się w ich rękach ostateczną bronią zdolną skutecznie powstrzymać nieumarłych arystokratów z rodu von Carstein. Zapędzony pod ścianę omszałego grobowca wampir kuli się przed zbliżającym się ostrzem, tracąc w ułamku sekundy całą swoją nadnaturalną pewność siebie. To proste, precyzyjne uderzenie kawałkiem zwykłego drewna pozwala śmiertelnikom bezpowrotnie przerwać wielowiekowe, bluźniercze istnienie każdego krwiopijcy.
544	Na krawędzi wulkanicznego wąwozu Devil's Breach weteranka elitarnej gwardii z Thraben przygotowuje się do zejścia w ogniste rozpadliny. Odziana w lśniący stalowy napierśnik i ciężki skórzany płaszcz wojowniczka zachowuje niesłabnącą czujność, sondując wzrokiem spowite dymem ciemności. W jednej dłoni dzierży ostry srebrny miecz, podczas gdy druga mocno zaciska się na rękojeści wielorzemiennego bicza, idealnego do chwytania zwinnych biesów. Zdeterminowana łowczyni wpatruje się w żarzący się dół, z determinacją poszukując kolejnych celów, by powiększyć swoją ponurą kolekcję diabelskich ogonów.
545	W głębinach zmetalizowanych laboratoriów dawnego Lumengridu frakcja Silników Postępu niestrudzenie pracuje nad narzuceniem całemu światu nowej, doskonałej formy. Bezwzględny badacz bez trudu przechwytuje w mechaniczną dłoń zaklęcie mirrańskiego maga, neutralizując jego niszczycielską moc w ułamku sekundy. Skradziona w ten sposób energia zostaje natychmiast przekierowana szklanymi przewodami do aparatury z lśniącym olejem, stymulując jego gwałtowny, nienaturalny rozrost. Zgodnie z kalkulacjami pretora Jin-Gitaxiasa każdy buntowniczy zamysł obrońców zostaje ostatecznie zniszczony, stając się jedynie kolejnym surowcem napędzającym proces wielkiej kompleacji Mirrodinu.
546	W ciemnych, ociekających deszczem zaułkach metropolii Towashi na planie Kamigawa zaawansowana technologia okazuje się bezużyteczna w starciu z pierwotnymi siłami. Cybernetycznie ulepszony egzekutor z gangu Reckonerów bezradnie opada na kolana, gdy z głębokich cieni wyłaniają się mściwe, widmowe dłonie zrodzone z mroku. Smoliste szpony bez trudu wbijają się w nowoczesny kompozyt pancerza, blokując mechaniczne stawy wojownika i zadając mu paraliżujący ból. Zgodnie z prastarymi prawami Kakuriyo, gniew zbezczeszczonego kami nigdy nie słabnie, bezlitośnie wysysając resztki sił życiowych z każdego, kto naruszył równowagę duchowego świata.
547	Nad bezkresną, rtęciową taflą dawnego Morza Quicksilver na planie Mirrodin biomechaniczne monstra Nowej Phyrexii polują bez wytchnienia. Wypatrując ruchu pod lustrzaną powierzchnią, drapieżny smok z frakcji Silników Postępu nurkuje z zawrotną prędkością tuż nad płynnym metalem. Jego chromowane szpony z łatwością rozcinają ciężką ciecz, wyciągając na powierzchnię zmetalizowane formy życia, by posłużyły jako surowiec do eksperymentów w laboratoriach Lumengridu. Bezwzględna skuteczność tej podniebnej machiny potwierdza słowa najeźdźców, że żadna sfera tego świata — od głębin po przestworza — nie uniknie ostatecznej kompleacji.
548	Po opuszczeniu bezpiecznych murów zamku rycerze Dworu Płomienia wkraczają w zdradliwe, nieokiełznane ostępy Dziczy na planie Eldraine. Tradycyjny oręż turniejowy okazuje się bezużyteczny przeciwko bestiom czającym się w mroku, dlatego kowale z Płonącego Dziedzińca przekuwają broń na znacznie bardziej bezwzględną. Ciężka lanca o zębatym, najeżonym stalowymi szponami grocie z łatwością rozrywa najtwardsze pancerze i sploty krwiożerczych pnączy. Zbrojny w to niszczycielskie narzędzie wojownik bez wahania szarżuje w głąb prastarego lasu, gotów dowieść odwagi Embereth w starciu z pierwotnym chaosem.
549	W mroźnych ostępach górskich dolin smoczy ród Atarki wykorzystuje potężną megafaunę do bezwzględnego torowania wojennych szlaków. Stado kolosalnych łosi o potężnych, łopatowatych rogach pędzi z niepowstrzymaną siłą przez głębokie zaspy, z łatwością rozbijając zwalone pnie oraz umocnienia nieprzyjaciela. Każde uderzenie ich twardego jak kamień poroża obraca drewniane przeszkody w pył, otwierając wolną drogę dla podążających za nimi myśliwych. Ta żywa lawina mięśni i kopyt bez trudu przetacza się przez każdą przeszkodę napotkaną na surowych bezdrożach Tarkiru.
550	W bezlitosnych, skutych wieczną zmarzliną ostępach północnego Kislevu pierwotna magia lodu przybiera drapieżną, śmiertelnie niebezpieczną postać. Ukształtowany z czystego lodowcowego kryształu ryś bezszelestnie tropi wielokrotnie większe od siebie bestie wędrujące u stóp Gór Krańca Świata. Wystarczy pojedynczy skok i dotknięcie jego emanujących arktycznym chłodem łap, by potężny niedźwiedź w ułamku sekundy został uwięziony w litej, lodowej bryle. Drapieżnik spokojnie staje na szczycie unieruchomionej ofiary, doskonale świadomy, że zamrożony przeciwnik nie jest w stanie wykonać najmniejszego ruchu ani odpowiedzieć na atak.
551	W sercu dusznych dżungli Lustrii, na kamiennym dziedzińcu miasta-świątyni Itza, jaszczuroludzie toczą zacięty mecz rytualny na cześć Pradawnych. W samym centrum piaszczystej areny dwaj zwinni skinkowie wyskakują jednocześnie w powietrze, rywalizując o kontrolę nad ciężką kulą z polerowanego obsydianu i złota. Każde przejęcie tego świętego przedmiotu oraz celne przerzucenie go przez kamienną obręcz przybliża jedną ze stron do zdobycia łaski kapłana-maga Slanna oraz nagrody w postaci ceremonialnych skarbów. Zacięta walka o dominację nad artefaktem trwa bez wytchnienia, a każdy błąd obrońcy natychmiast przekłada się na triumf nacierających wojowników.
552	W mrocznych koronach starych dębów lasu Cloakwood czatuje ettercap – dwunożna, garbata maszkara o pękatym, obwisłym brzuchu i potężnych ramionach zakończonych sierpowatymi szponami. Monstrum rozchyla beznosy pysk otoczony chitynowymi kłami, wystrzeliwując z gardzieli potężny strumień lepkiej, lśniącej w mroku pajęczyny. W ułamku sekundy gęsta sieć oplata skrzydła przelatującej bestii, bezlitośnie krępując jej ruchy i ściągając bezbronnego drapieżnika w dół. Jak trafnie odnotowała w swych raportach zwiadowczyni Erinis, te dwunożne pająkowate poczwary to bezwzględni mistrzowie zasadzek, dla których niebo nie stanowi żadnej bariery.
553	W ociekających wilgocią, pałacowych świątyniach pośród bagien Gurmag słudzy smoczego lorda Silumgara przygotowują swój oręż do bezwzględnych skrytobójczych misji. Każde zakrzywione ostrze zostaje uroczyście zanurzone w ceremonialnej czarze wypełnionej żrącą, smolistą wydzieliną tutejszych gadzich władców. Nawet najpłytsze draśnięcie klingi nasyconej tą alchemiczną trucizną wystarczy, by w ułamku sekundy powalić i uśmiercić najpotężniejszego przeciwnika. Jak przypomina kapłanka Xathi Niezawodna, ten śmiercionośny dar stanowi najwspanialsze błogosławieństwo, jakim smoczy ród może obdarzyć swoich zabójców na bagnach Tarkiru.
554	W pierwotnych, nieprzeniknionych ostępach Lustrii nawet z pozoru kruche potomstwo drapieżników nigdy nie pozostaje bezwzględnie bezbronne. Małe jaszczurze pisklę syczy ostrzegawczo ze swojego gniazda ukrytego w paprociach, natychmiast przyzywając uwagę swojego stada. Na najcichszy pisk zagrożonego stworzenia z gęstwiny z rykiem wyłania się kolosalna samica karnozaura, gotowa w ułamku sekundy zmasakrować każdego intruza. Każda próba skrzywdzenia młodego gada sprowadza na niefortunnych myśliwych śmiertelny i natychmiastowy kontratak najgroźniejszych bestii dżungli.
555	W opuszczonych w wyniku wojny chatach na bagnach Velen wiejskie opowieści o bebokach czających się pod łóżkami okazują się namacalną, groźną prawdą. Kolosalny, pokryty skołtunionym futrem potwór uwił sobie leże w zrujnowanej izbie, niezgrabnie klinując na swoim rogatym łbie szczątki drewnianego posłania i słomianego siennika. Przez sterczące źdźbła słomy i połamane deski złowrogo łypią żółte ślepia bestii, której sama masa budzi paraliżujący strach. Dwaj redańscy milicjanci zatrzymują się w progu chaty i zwierają szyk, doskonale wiedząc, że żaden samotny wieśniak nie zdołałby przepędzić tak potężnego stwora.
556	Na spalonych żelazem pustkowiach łańcucha Oxidda hordy Nowej Phyrexii bezlitośnie przełamują ostatnie punkty oporu rodowitych mieszkańców Mirrodinu. Kolosalny potwór zasilany płynnym metalem z łatwością taranuje improwizowaną barykadę obrońców, zasypując przedpole gradem iskier i pogiętej stali. Wojownicy z plemienia Vulshoków, o muskularnych ciałach pokrytych naturalnymi żelaznymi naroślami, zmuszeni są do natychmiastowej ucieczki przed niszczycielską machiną najeźdźców. Jak przewidział przywódca oporu Pythor, w obliczu tak przytłaczającej inwazji jedyną szansą na przetrwanie istot z krwi i kości jest natychmiastowy odwrót.
557	Ukryta w wilgotnej delcie rzek Tarkiru wioska Kishla stanowi kluczowy punkt handlowy na rubieżach terytorium klanu Sultai. Zbudowane na wysokich palach domostwa o zielonych dachach wznoszą się tuż ponad mętnymi kanałami, w cieniu prastarych, omszałych świątyń dawnych dynastii. Pośród gwaru nadrzecznego targu i cumujących łodzi miejscowi skrytobójcy oraz szpiedzy bezszelestnie zbierają sekrety podróżnych, pilnie strzegąc tajemnic klanu. Ta z pozoru spokojna osada rybacka pozostaje w rzeczywistości czujnym okiem i uchem potężnego cesarstwa, w którym każda informacja ma swoją wymierną cenę.
558	W murach imperialnego Kolegium Światła w Altdorfie biali magowie wykorzystują moc Wiatru Hysh do leczenia najcięższych ran i niesienia nadziei obrońcom Imperium. Młody akolita zakonu unosi oburącz ceremonialną laskę z białego drewna, której srebrne zwieńczenie rozbłyskuje czystą, uzdrawiającą energią. Złociste iskry spływające z kryształu natychmiast zasklepiają rany frontowych żołnierzy, przywracając im witalność i wolę do dalszej walki ze sługami mroku. Ten promienny artefakt zamienia każdego obrońcę w natchnionego kapłana światła, zdolnego czerpać życiodajną siłę z każdego uderzenia wymierzonego we wrogów Starego Świata.
559	Na niebezpiecznych, smaganych porywistym wichrem zboczach Północnej Góry skrzydlate gaelicaty pełnią rolę czujnych strażników podniebnych szlaków. Mały drapieżnik o lśniącym futrze i nietoperzych skrzydłach przysiada na skalnej półce, bacznie lustrując mgły unoszące się nad przepaściami. Obecność pradawnych mechanizmów i kryształowych przyrządów nasyca stworzenie dodatkową siłą, wyostrzając jego zmysły i bojową czujność. Gdy niestrudzony wojownik Galuf Baldesion prowadzi swoich towarzyszy w stronę legowiska smoka wiatru, ten niezwykły kot zrywa się do lotu, bezbłędnie wyczuwając zbliżające się niebezpieczeństwo.
560	W posępnych salach Twierdzy przetransportowanej na bagna Urborgu na Dominarii ewinar Crovax bezlitośnie demonstruje potęgę najeźdźców. Mroczny władca unosi szponiastą dłoń, uwalniając harmoniczną wstęgę nekromantycznej magii, która w ułamku sekundy łączy i paraliżuje dwoje benalijskich obrońców Koalicji. Choć wojownicy różnią się posturą i orężem, ich zbroje z kolorowego witrażu gasną w dokładnie tym samym momencie pod naporem spaczającej energii, a upuszczona broń bezradnie zawisa nad posadzką z płynokamienia. Ten bezwzględny wyrok arcyzdrajcy uświadamia obrońcom, że nawet najwierniejsi sojusznicy walczący pod tym samym sztandarem zostaną wspólnie pochłonięci przez bezduszną machinę Phyrexii.
561	Na bezdrożach ogarniętego wojną Velen obecność obcych armii zakłóca naturalne żerowiska najgroźniejszych drapieżników Kontynentu. Sprowokowany wtargnięciem na swoje terytorium gryf królewski spada z leśnych koron prosto na samotnego zwiadowcę z Nilfgaardu, z potężną siłą wbijając go w błotnisty trakt. Masywny potwór osłania powalonego przeciwnika potężnymi skrzydłami w instynktownym geście dominacji nad zdobyczą, a jego zakrzywiony dziób natychmiast wymierza decydujący cios. W surowym prawie wiedźmińskiej natury to gwałtowne starcie jest jedynie kolejnym ogniwem łańcucha pokarmowego, w którym zwycięska bestia czerpie życiodajną siłę z upadku słabszego rywala.
562	Podczas nocnego szturmu na mury Altdorfu imperialni czarodzieje z Kolegium Niebios stają w pierwszym szeregu obrońców miasta. Czerpiąc z szalejącego nad stolicą Wiatru Azyr, mag unosi dłoń uzbrojoną w mosiężne astrolabium, w ułamku sekundy skupiając potężny ładunek elektryczny. Z jego rękawicy wystrzeliwuje oślepiający łuk błękitnej błyskawicy, który z ogłuszającym trzaskiem uderza w stalowy napierśnik wdzierającego się na blanki wroga. Gwałtowne porażenie niebiańską energią natychmiast odrzuca intruza w przepaść, udowadniając niszczycielską skuteczność błyskawicznej magii bitewnej.
563	W wysuszonych wiatrem, skalistych wąwozach Koilos na Dominarii gigantyczne ptaki drapieżne polują pośród ruin starożytnej cywilizacji Thranów. Wielki błękitny rok ląduje z impetem na skraju pękniętej piaskowcowej półki, rozpościerając potężne skrzydła nad starożytnym wykopaliskiem. Tuż przed szponami bestii spoczywa wygrzebany z pyłu kamień mocy, pulsujący zimnym, nieskazitelnym blaskiem zapomnianej technologii. Podczas gdy armie Urzy i Mishry toczą wyniszczającą wojnę o każdy zdatny do użycia surowiec, te podniebne stworzenia zaciekle strzegą odnalezionych na pustkowiach reliktów dawnej potęgi.
564	Nad spowitymi blaskiem słońca klifami Jamury na Dominarii dzikie gryfy ostrostope patrolują przestworza z niezrównaną zwinnością i czujnością. Dostrzegłszy wrogi zwiad mechaniczny wdzierający się w przestrzeń powietrzną wybrzeża, podniebny drapieżnik natychmiast przechodzi w zawrotne pikowanie. Jego wyjątkowo długie, twarde jak hartowana stal szpony uderzają z piorunującą prędkością, niszcząc konstrukcję intruza na długo przed tym, nim ten zdoła wykonać jakikolwiek manewr obronny. Obserwująca te podniebne ewolucje z mostka kapitan Sisay doskonale wie, że dla tych dumnych stworzeń walka o terytorium jest równie naturalnym odruchem, co sam majestatyczny lot.
565	W mrocznych, nienaruszonych ostępach lasu Reikwald wyznawcy Starej Wiary od pokoleń strzegą zapomnianych kapliczek poświęconych bóstwom natury. Na omszałym menhirze spoczywa pozornie zwyczajna, ręcznie ciosana z ciemnego dębu czara, przez nieświadomych wędrowców uznawana za bezwartościowe naczynie. W jej płytkim wnętrzu gromadzi się święta rosa, w której w nienaturalny sposób harmonizują się wielobarwne wstęgi wszystkich Wiatrów Magii. Ci nieliczni, którzy potrafią dostrzec prawdziwą potęgę prostego artefaktu, zyskują dostęp do niewyczerpanego źródła energii zdolnego zasilić dowolne zaklęcie w Starym Świecie.
566	W wiecznym półmroku lasu Creakwood na spaczonym planie Lorwyn elficcy strażnicy bez wytchnienia poszukują ostatnich reliktów dawnego piękna. Rogaty wojownik o racicach mocno zapartych w gruncie z determinacją przedziera się przez gęste kłębowisko mściwych, czarnych cierni, znosząc bolesny ucisk pnączy zaciskających się na jego pancerzu. Klęcząc na wilgotnym poszyciu, strażnik osłania własnym ciałem pojedynczy, świecący błękitnym blaskiem kwiat, czerpiąc wewnętrzną siłę z pamięci o poległych pobratymcach. Ta niezłomna wola pozwala mu z każdą chwilą przełamywać narastającą słabość i odzyskiwać pełnię bojowej formy, by obronić ocalałe sanktuarium przed wszechobecnym zepsuciem.
567	Nad wzburzonymi wodami wokół Wyspy Jwar na planie Zendikar samotne dotąd sfinksy łączą siły z obrońcami świata w obliczu kosmicznej zagłady. Majestatyczna strażniczka przestworzy o ciele lwa i potężnych skrzydłach wykonuje gwałtowny zwrot ponad lewitującymi hedronami, wypatrując wrogów w chmurach. Jej ostre pazury z bezwzględną precyzją rozbijają pancerz unoszącego się w powietrzu pomiotu Eldrazi, paraliżując jego macki jednym potężnym uderzeniem. Przełamując swoją wrodzoną nieufność do innych ras, te dumne stworzenia bez wahania stają w pierwszym szeregu podniebnej obrony przed nienasyconymi hordami niszczycieli.
568	W laboratoriach orbitalnych unoszących się nad gazowym gigantem Uthros w układzie Sothera technologiczne innowacje rasy Illvoi przekraczają dotychczasowe granice materialnej inżynierii. Zbudowany ze smukłego kompozytu autonomiczny strażnik nanoform unosi się bezgłośnie nad wyłączonym generatorem, emitując skoncentrowany rój mikroskopijnych cząstek. Unikalna technika przekształcania materii błyskawicznie zasklepia pęknięte przewody zasilające, w ułamku sekundy przywracając maszynie pełną gotowość operacyjną. Te bezbłędne mechanizmy niestrudzenie czuwają nad instalacjami badawczymi na Krańcu, manifestując potęgę pozaziemskiej myśli naukowej.
569	W nieskończonych, wypaczonych przestrzeniach Domu na planie Duskmourn uśpione lęki materializują się w najbardziej niespodziewanych zakamarkach. W zrujnowanej oranżerii z popękanej podłogi gwałtownie pęcznieje organiczny kokon, formując w gęstym dymie zarys nowego, nienazwanego potwora. Doświadczony łowca pomiotów Rip błyskawicznie reaguje na zagrożenie, wymierzając w pulsującą narośl dyszę swojego wysłużonego miotacza ognia. Tylko bezwzględna czujność i natychmiastowe wypalanie każdego rodzącego się zarodnika dają ocalałym cień szansy na przetrwanie w domenie demonicznego Valgavotha.
570	W mrocznych, zapomnianych kanałach podziemnej Ravniki ukryte wrota Domu Dimir pozostają całkowicie niewidoczne dla niepowołanych oczu. Wąska łódź zwiadowcy bezszelestnie sunie po tafli podziemnej rzeki, zbliżając się do potężnej żelaznej kraty wykutej na kształt symbolu oka. Na umówiony znak zamaskowanego sternika wrota bezgłośnie unoszą się w górę, odsłaniając drogę do skąpanego w wieczystych mgłach sanktuarium Duskmantle. Jak bezlitośnie przypomina skrytobójczyni Etrata, nikt nie trafia w te głębiny przez przypadek, a przekroczenie progu bramy oznacza bezwzględną służbę w strukturach gildii cienia.
571	W smaganych mgłą salach Zamku Vantress nad jeziorem Loch Mere na planie Eldraine rycerze składają mistyczne przysięgi przed władcami wiedzy. W zamian za niezłomne ślubowanie lojalności nadworna czarodziejka obdarza wojowniczkę arkanicznym darem podniebnej przewagi. Eteryczne, szafirowe skrzydła utkanie z magii wody i wiatru unoszą opancerzoną bohaterkę ponad posadzkę, a świetlista runa paktu na jej orężu pieczętuje absolutny zakaz zdrady wobec mocodawców. Przepełniona nowo zyskaną potęgą wojowniczka szykuje się do lotu, gotowa bronić królestwa przed potwornościami czającymi się w mrocznej Dziczy.
572	W zrujnowanych, porosłych dziką knieją rejonach Pasma Gruzów na Ravnicy goblin z klanu Płomiennoskórych szykuje się do gwałtownego natarcia. Wypalone na jego czerwonym ciele rytualne runy rozbłyskują oślepiającym żarem, pompując w mięśnie wojownika pierwotną, niszczycielską furię klanów Gruul. Bestialski niszczyciel z impetem zeskakuje z pękniętej kolumny, gotów rozbić miejską barykadę ciężką maczugą z gruzu. Podczas gdy uczeni z Ligi Izzet pod wodzą Niv-Mizzeta daremnie badają te mistyczne znaki w poszukiwaniu miejskich linii geomantycznych, dla dzikich wojowników stanowią one po prostu niezawodne źródło brutalnej siły.
573	W warownych twierdzach klanu Abzan na pustynnych rubieżach Tarkiru pozory dyplomatycznych wizyt często kryją śmiertelne zagrożenie. Wraz z bogatymi darami przysłanymi przez chana Tasigura do wnętrza strażnicy niepostrzeżenie wdzierają się zakażone gryzonie o matowej, chorej sierści. Wystarczy pojedyncze ukąszenie tego niepozornego stworzenia, by najtwardszy wojownik uległ paraliżującej, błyskawicznie postępującej zarazie z sułtańskich moczarów. Podstępny fortel nadrzecznych dyplomatów bezlitośnie łamie dyscyplinę pustynnych obrońców, zamieniając ufortyfikowany posterunek w ognisko cichej i nieuchronnej zagłady.
574	W mrocznych, nieprzebytych ostępach lasu Drakwald pojawienie się inwazyjnego roju olbrzymich chrząszczy oznacza natychmiastowy koniec dla każdej leśnej osady. Tysiące opancerzonych owadów o potężnych żuwaczkach z przerażającą prędkością pożerają drewniane palisady, chaty i stuletnie sosny, obracając ludzkie siedziby w sterty trocin. Mieszkańcy nie mają innego wyboru, niż w pośpiechu załadować cały swój dobytek na wozy i wycofać się traktem przed nadejściem nienasyconej plagi. Zgodnie z gorzkim doświadczeniem poddanych Imperium, znacznie łatwiej jest porzucić wieś i wznieść ją od nowa w innym miejscu, niż próbować zatrzymać ten niszczycielski żywioł natury.
575	Na bezkresnych, spalonych słońcem stepach Tarkiru ludzcy wojownicy rodu Dromoki tworzą zdyscyplinowany mur obronny wokół pustynnych twierdz. W zamian za protekcję smoczych władców, oddani żołnierze z niezłomną wiernością doskonalą techniki walki ciężkim orężem drzewcowym. Wojowniczka w pancerzu z utwardzanych smoczych łusek wykonuje bezbłędne, dynamiczne pchnięcie włócznią, torując drogę nacierającemu w zwartym szyku oddziałowi. Gdy nad wydmami rozpościera się majestatyczny cień samej Dromoki, każdy cios jej ludzkich sług staje się precyzyjnym narzędziem w walce przeciwko wrogim klanom.
576	Na monumentalnych, spowitych słońcem tarasach polis Akros zdyscyplinowani oficerowie szykują swoje oddziały do walki o wieczną sławę. Doświadczony sierżant w lśniącym brązowym kirysie unosi ku niebu ceremonialny miecz, dając falandze jednoznaczny sygnał do zajęcia pozycji. Błogosławieństwo boga wojny Iroasa spływa na jego tarczę pod postacią złocistej aury, zwiastując rychły triumf i rosnącą sławę dowódcy na polach bitew Therosu. Gdy oddziały ruszają naprzód w nienagannym porządku, ten dumny wojownik z niezłomną wiarą prowadzi swoich ludzi ku nieśmiertelnej chwale.
577	Podczas zaciętej bitwy na smaganych wichrem wzgórzach Reiklandu imperialny czarodziej z Kolegium Niebios wbija w kamienne podłoże potężną Laskę Gromu. Wykuty z meteorytowego żelaza i nasycony Wiatrem Azyr artefakt natychmiast roztacza wokół obrońców półkolistą barierę z trzaskających wyładowań elektrycznych. Błękitna tarcza bez trudu wygasza impet nadlatujących pocisków wroga, podczas gdy z korony kostura wystrzeliwuje w niebo potężny snop energii. Iskrząca moc burzy spływa na ostrza nacierających halabardników Imperium, nasycając ich oręż dodatkową siłą i zagrzewając cały szyk do decydującego uderzenia.
578	W zdradliwych gęstwinach lasu Drakwald zasadzki na leśne potwory rzadko przebiegają zgodnie z planem imperialnych łowców. Pewni przewagi zwiadowcy zachodzą potężnego centagora od tyłu, licząc na łatwy cios w pozornie odsłonięty grzbiet bestii. Pod wpływem nagłego przypływu pierwotnego szału zmutowane monstrum błyskawicznie obraca swój tors, wyprowadzając niszczycielski kontratak ciężkim kiścieniem. Ta niespotykana zwinność i zdwojona siła w ułamku sekundy zamieniają pewnych siebie myśliwych w uciekające w popłochu ofiary.
579	W smaganych chłodnym wiatrem wyżynach Kulrath na planie Lorwyn mistyczni czarodzieje żywiołów zgłębiają trudną sztukę panowania nad pierwotnymi siłami natury. Stojąc na krawędzi skalistego urwiska, ten niezwykły mag z absolutnym skupieniem kontroluje płomień buchający z własnej korony, przekształcając gwałtowny żywioł w czystą koncentrację. Gdy w powietrzu rozbrzmiewa echo potężnego czaru, spokojny dotąd mędrzec natychmiast przechodzi w stan najwyższej gotowości, nasycając swoje ciało potężną energią magiczną. Płynna równowaga między nieokiełznaną pasją a żelazną dyscypliną umysłu czyni z niego potężnego strażnika górskich szlaków.
580	Po opuszczeniu sterylnych korytarzy księżycowego Bestways Burrow ciekawski zwiadowca z rasy Loporritów po raz pierwszy wkracza w bujne ostępy Eorzei. Mały badacz z entuzjazmem rozkłada pergaminową mapę na omszałym kamieniu, porównując rzeczywisty leśny szlak z wiedzą wyczytaną z ksiąg. Towarzyszący mu wielki żółty chocobo z zaciekawieniem zerka zza pleców królika, a obecność zaufanego sojusznika natychmiast dodaje małemu podróżnikowi odwagi do dalszej drogi. Przekonany, że największe przygody kryją się poza bezpieczną biblioteką, nieustraszony odkrywca z radością prowadzi swoją drużynę ku kolejnym cudom tego niezwykłego świata.
581	W cienistych, wilgotnych zaułkach Ulna Alley nieopodal kampusu Witherbloom na planie Arcavios kwitnie nieoficjalny handel rzadkimi eliksirami. Przebiegły goblin-czarnoksiężnik z szelmowskim uśmiechem prezentuje zaufanym adeptom magii flakon wydobyty z najgłębszych, prywatnych zapasów swojej pracowni. Z odkorkowanego naczynia ulatuje gęsta, jarząca się fioletem para, nasycona esencją życiodajnych ekstraktów z mrocznych bagien Sedgemoor. Nawet najbardziej rygorystyczni profesorowie uniwersytetu Strixhaven przymykają oko na ten podejrzany kram, wiedząc, że tutejsze wywary zapewniają niezrównany zastrzyk energii witalnej.
582	Na zatłoczonych ulicach i dachach królestwa Dalmasci w uniwersum Final Fantasy młody złodziej Vaan zuchwale kpi z patroli imperialnych okupantów. Wyskakując ponad jaskrawe baldachimy targu w Rabanastre, zwinny uciekinier w ułamku sekundy pokonuje przepaść między terakotowymi dachami. W dłoni mocno ściska świeżo skradziony ze skarbca potężny kamień magicite, którego energia natychmiast zasila jego marzenia o zostaniu podniebnym piratem. Zanim zakuty w stal garnizon Archadii zdoła zablokować drogę ucieczki, chłopak znika w labiryncie zaułków Dolnego Miasta, dzieląc się zdobytym łupem z wiernymi towarzyszami.
583	Na bezkresnych, smaganych wiatrem wzgórzach Tarkiru koczownicy z klanu Mardu doskonalą sztukę bezwzględnego łucznictwa. Stojąc na samotnej skale, łucznik napina do granic możliwości swój kompozytowy łuk z rogu i drewna, celując z nieludzkim spokojem w nadciągające zagrożenie. Pradawna dyscyplina Dakla uczy wojowników oddawania tylko jednego, perfekcyjnego strzału, który bezbłędnie eliminuje szarżującego wroga. Gdy cięciwa zastyga tuż przy policzku strzelca, los nacierającego przeciwnika zostaje przypieczętowany na długo przed zwolnieniem naciągu.
584	Wysoko ponad chmurami Zendikaru syreny z klanów odkrywców niestrudzenie badają nowo otwarte, lewitujące ruiny Emerii. Wytrawna sokolniczka w pancerzu z masy perłowej i koralu przyjmuje na ramię potężnego sokoła powracającego z dalekiego zwiadu. Rozłożyste skrzydła ptaka rozpraszają mgłę unoszącą się wokół zawieszonych w próżni wodospadów, podczas gdy magiczna kula w dłoni czarodziejki kreśli bezpieczne szlaki nawigacyjne. Dzięki wielopokoleniowej tradycji oswajania drapieżnych ptaków syrenie ekspedycje bez trudu docierają do najgłębszych sekretów podniebnych twierdz.
585	W nieprzebytych, wiecznie wilgotnych ostępach dżungli Mwonvuli na Dominarii potężna druidka Jolrael całkowicie odrzuciła świat ludzi, stając się niekwestionowaną panią dzikiej kniei. Stojąc na kolosalnym korzeniu prastarego baobabu, strażniczka puszczy wykonuje władczy gest, nasycając swoje zwierzęce stado pierwotną energią natury. Na jej niemy rozkaz czarne pantery z rykiem wyskakują ponad spieniony nurt rzeki, gotowe bezlitośnie przepędzić każdego intruza wkraczającego w głąb tego zielonego sanktuarium. Na tym odciętym od cywilizacji obszarze Jamury wszelkie dawne prawa ustępują miejsca nierozerwalnej więzi między dzikimi drapieżnikami a ich dumną przywódczynią.
586	W cieniu monumentalnych przęseł Czwartego Mostu w Ghirapurze renegaci toczą nieustanną, cichą wojnę z patrolami Konsulatu. Zwinny włamywacz o dłoniach uzbrojonych w mosiężne szpony wspinaczkowe bezszelestnie przylega do pionowego muru nadrzecznego kanału, wyczekując odpowiedniego momentu. Pojedynczy, precyzyjnie wystrzelony z rękawicy miniaturowy ładunek eteru trafia w pancerz strażnika, w ułamku sekundy osłabiając jego czujność i siły witalne. Podczas gdy wielcy myśliciele planują rewolucję w zaciszach warsztatów Kaladeshu, drobni złodzieje codziennie paraliżują siły porządkowe na miejskich traktach.
587	Na zawieszonych ponad dżunglą skalnych urwiskach Nayi na planie Alara zwinni leonini z plemienia Nacatl pełnią rolę niezrównanych zwiadowców dzikich szlaków. Dosiadając potężnego, czwororogiego rogacza o pewnych kopytach, czujny tropiciel bez trudu pokonuje najbardziej zdradliwe górskie granie. Ze skalnego występu kotoczłek bacznie lustruje bezkresny horyzont, wypatrując śladów migracji kolosalnych behemotów oraz potencjalnych zagrożeń dla swojego stada. Niezrównany koci refleks i doskonała znajomość topografii Nayi gwarantują leonińskim jeźdźcom bezcenną przewagę pierwszego uderzenia w każdym starciu.
588	Wśród wiekowych grobowców prowincji Gavony na planie Innistrad nekromantka Liliana Vess z niezwykłą swobodą splata wątki czarnej magii. Nasycona energią śmierci ziemia tego ponurego świata natychmiast odpowiada na jej wolę, budząc uśpionych od dekad wojowników z wilgotnych mogił. Fioletowy blask sączący się z dłoni czarodziejki podrywa dawno poległych obrońców z powrotem do pionu, natychmiast powiększając szeregi jej nieumarłej armii. Dla potężnej planeswalkerki wskrzeszanie tutejszych sług jest tak naturalne i płynne, jak w żadnym innym zakątku wieloświata.
589	W opuszczonych, podziemnych korytarzach krasnoludzkich twierdz w Górach Krańca Świata czają się bezkształtne potwory zrodzone z wilgoci i spaczonych minerałów. Kolosalny, galaretowaty szlam o jadowicie zielonej barwie bezszelestnie pełznie po kamiennej posadzce dawnej zbrojowni. Żelazny oręż, pancerze z kutej stali oraz lite granitowe płyty w ułamku sekundy ulegają stopieniu pod wpływem jego niszczycielskich kwasów. Dla tej pierwotnej, nienasyconej bestii nawet najtwardszy metal Starego Świata stanowi jedynie kruchą przeszkodę, która bez śladu rozpuszcza się w żrącej mazi.
590	Na zamglonych rubieżach redańskich prowincji w świecie Wiedźmina odizolowane osady z głęboką nieufnością strzegą swoich granic przed wszelkimi przybyszami. Miejscowi wieśniacy czuwają w gęstym zbożu za prowizoryczną palisadą najeżoną dzwonkami alarmowymi i zaostrzonymi żerdziami. Uzbrojeni w kute widły oraz kusze strażnicy bez wahania wymierzają sprawiedliwość każdemu intruzowi, który zlekceważył ostrzegawcze znaki na leśnym trakcie. Przesiąknięta paranoją i lękiem przed obcą magią wiejska społeczność uważa bezwzględną obronę własnego terytorium za jedyną gwarancję przetrwania w niespokojnych czasach.
591	W tętniących życiem, słonecznych ostępach Doliny na planie Bloomburrow zuchwałe szopy słyną z konstruowania niezwykłego rynsztunku z porzuconych rupieci. Dzierżąc potężną tarczę z pordzewiałej pokrywy garnka, zwalisty wojownik z impetem szarżuje leśnym traktem pośród kęp przerośniętej koniczyny i mchów. U boku opancerzonego zbieracza niestrudzenie pędzi małe szopię w blaszanym hełmie, z zawziętą miną wiernie naśladując każdy bojowy okrzyk swojego rodzica. W obliczu tak rozpędzonej i hałaśliwej przeszkody nawet najodważniejsze myszy z lokalnej straży wolą w popłochu uskoczyć w zarośla, nie mając żadnych szans na zatrzymanie leśnego taranu.
592	W posępnych warowniach Sylvanii wampirzy dowódcy traktują cierpienie i poświęcenie jako najwyższą formę militarnego hartu. Okuty w czarną stal oficer rozbija na ołtarzu prastary relikwiarz, uwalniając z niego skondensowaną energię mrocznej dyscypliny. Karmazynowe wstęgi magicznej mocy natychmiast spływają na pancerze dwóch klęczących rycerzy, nasycając ich ciała potężnym, nadnaturalnym wigorem. W bezwzględnym świecie nieumarłej arystokracji tylko ci, którzy bez wahania poniosą każdą ofiarę w imię potęgi, zyskują prawo do wiecznej pamięci na polach bitew Starego Świata.
593	Na przedpolu oblężonej twierdzy w Reiklandzie kapitan wojsk obwodowych staje na czele formacji, by przywrócić wiarę w sercach wyczerpanych żołnierzy. Dosiadając opancerzonego rumaka bojowego, dumny oficer unosi w stronę nieba lśniący miecz, dając sygnał do zsynchronizowanego kontrataku. Widok nieugiętego dowódcy natychmiast rozprasza zwątpienie w szeregach halabardników, którzy z nową determinacją podnoszą broń i wyrównują linię szyku. Mimo że wrogowie uznali tutejszą piechotę za łatwy łup, zjednoczone pod sztandarem Sigmara regimenty udowadniają, że ludzka odwaga nie ugnie się przed żadnym mrokiem Starego Świata.
594	Na spowitych gęstą mgłą, zrytych pobojowiskach Ziemi Niczyjej w Velen wojna ogołociła krainę z wszelkich pozorów rycerskiego honoru. Ciężkozbrojny najemnik w poobijanym pancerzu płytowym brodzi w leśnym błocie, metodycznie przeszukując zgliszcza i porzucone po bitwie wozy taborowe. Pewnym ruchem opancerzonej dłoni weteran wyciąga z mazi doskonale zachowany stalowy miecz, zastępując nim swój wyszczerbiony w boju oręż. W bezwzględnych realiach wojennej zawieruchy na Kontynencie najskuteczniejszą bronią pozostaje zawsze ta, którą w porę uda się podnieść z pobojowiska.
595	W bezkresnych, wykutych w kamieniu salach Ereboru krasnoludzki wojownik Óin staje na straży odzyskanego dziedzictwa rodu Durina. Rozpalona w jego sercu odwaga sprawia, że bohater bez cienia wahania unosi ciężki topór oraz płonącą pochodnię ponad kopcami rodowego złota. Blask ognia rozświetla starożytne filary Samotnej Góry, obnażając czające się w mroku jaskiń zastępy goblinów i dzikich wargów. Zgodnie z prastarym prawem Śródziemia, widok odzyskanego skarbu budzi w krasnoludzkich sercach niepowstrzymaną furię, gotową zmiażdżyć każdego wroga.
596	W zalanych słońcem warsztatach metropolii Ghirapur mistrzowie rzemiosła z Kaladeshu tworzą mechaniczne cuda zasilane czystym eterem. Skupiony rzemieślnik w jubilerskich rękawicach ostrożnie cofa dłonie znad blatu z palisandru, obserwując pierwsze samodzielne poruszenie swojego nowego dzieła. Misterny, złocisty thopter o filigranowych skrzydłach i błękitnych kryształowych trybach bezgłośnie unosi się w powietrze, uwalniając delikatną smużkę cyjanowej energii. Poświęcając całe dnie na precyzyjne cyzelowanie każdego koła zębatego, zręczny wynalazca doskonale wie, że w sercu stolicy tylko absolutna perfekcja gwarantuje uznanie konsulów.
597	W skażonych oparami nekrogenu pustkowiach Mephidross na planie Mirrodin dawne sługi Memnarcha ulegają bezlitosnemu procesowi kompleacji. Przeobrażony przez lśniący olej myr wysuwa do przodu nienaturalnie powiększone, potrójne szpony z czarnego metalu. Każda kropla lepkiej cieczy spływająca z jego zmodyfikowanych ramion niesie w sobie zabójczą zarazę, zdolną nieodwracalnie skazić każdą napotkaną materię. Gdy wrogi zwiad próbuje zablokować drogę temu niepozornemu konstruktowi, bestia natychmiast odpowiada podwojoną furią, uderzając zakażonym orężem wprost w linie obrony.
598	Na malowniczych, zielonych traktach Czterech Ćwiartek nieliczni Szeryfowie z Shire dbają o to, by spokój krainy niziołków pozostał nienaruszony. Dziarski strażnik z piórem w kapeluszu staje na kamiennym murku, wznosząc dębową laskę i wskazując bezpieczną drogę dla wędrujących kucyków. Choć hobbici z natury unikają waśni, w obliczu zagrożenia potrafią zjednoczyć siły, a każdy kolejny sąsiad dołączający do straży dodaje szeryfowi odwagi i autorytetu. Pod czujnym okiem wiejskich stróżów prawa podróżni bez przeszkód przemierzają gościńce Śródziemia, ciesząc się beztroską i gościnnością bezpiecznych krain.
599	W prastarych, zamglonych lasach otaczających Łysą Górę w Velen wiejskie wiedźmy kultywują tradycyjne obrzędy światła i jesiennej równonocy. Młoda guślarka w lnianej koszuli i wieńcu z jelenich rogów unosi się bezgłośnie nad leśnym runem, wprowadzając się w głęboki rytualny trans. Dziesiątki grubych świec z pszczelego wosku, rozstawionych na gałęziach brzóz, rozbłyskują ciepłym złotym płomieniem, odpędzając czające się w mroku upiory i zbiegłe potwory. Gdy członkinie wiejskiego sabatu łączą swoje dary i wolę, pierwotna magia ziół i ognia pozwala im unieść się ponad wszelkie niebezpieczeństwa nocy.
600	Na spowitych wieczorną mgłą cmentarzyskach Sylvanii nekromanci wampirzych hrabiów bez trudu podnoszą z grobów całe pułki poległych. Zgniły legion ożywionych ciał w zardzewiałych hełmach i strzępach dawnych mundurów formuje nieprzeliczoną, ociężałą kolumnę marszową. Choć nieumarli poruszają się powolnym, jednostajnym krokiem, ich pozbawiona strachu masa z bezwzględną konsekwencją przełamuje wszelkie przeszkody na szlaku. W realiach Starego Świata to właśnie ten niepowstrzymany, metodyczny marsz rozkładu budzi największą grozę w sercach obrońców Imperium.
601	Podczas Wielkiego Scalenia na planie Alara pradawne granice dzielące odłamy świata pękają z kataklizmiczną siłą. Wulkaniczny i spaczony krajobraz Jundu z potężnym impetem uderza w bujne, nasycone życiem lasy Nayi, wywołując niszczycielską eksplozję magmy i pierwotnych energii ziemi. W punkcie kolizji rozgrzana do czerwoności lawa w ułamku sekundy pochłania prastare pnie, a gigantyczne odłamki skał unoszą się w powietrzu pośród kaskad płynnego ognia. Gdy odizolowane przez tysiąclecia biosfery zderzają się w brutalnym uścisku, mieszkańcy całego planu uświadamiają sobie, że ponowne zjednoczenie Alary wymaga straszliwej ceny.
602	Wśród zrujnowanych, obróconych w bezbarwny pył Wrót Morza na planie Zendikar elementarne prawa magii i geometrii przestają mieć jakiekolwiek znaczenie. Zaklęcie rzucone przez obrońcę uderza w niewidoczne zagięcie czasoprzestrzeni, natychmiast łamiąc się pod nienaturalnymi kątami i tracąc swoją niszczycielską moc. Ze skręconej, rozproszonej energii światła w ułamku sekundy krystalizują się lewitujące odłamki czarnego obsydianu oraz wielokończynowy korpus pomiotu Kozileka. Ta niezrozumiała, kosmiczna ingerencja obraca moc rzucającego czar w zniekształcony szum, powołując do życia kolejnego nienasyconego niszczyciela.
603	W zalanych, dusznych podziemiach świątyni Kheru nekromanci klanu Sultai wykorzystują pradawne, ożywione gady do bezwzględnej obrony najgłębszych krypt. Kolosalny krokodyl o zmumifikowanej łusce i obnażonych kościach paszczy szczelnie rygluje zalany kanał, trwając w bezruchu niczym żywa, nieprzekraczalna zapora. Choć potwór dawno zatracił instynkt łowiecki, jego wieczny, nienasycony głód zaspokajany jest przez kapłanów regularnie zrzucających w mętną toń bezmyślne sługi sibsig. Każda pochłonięta przez bestię ofiara uwalnia skondensowaną energię witalną, nasycając sułtańskich czarnoksiężników mroczną potęgą bagien Tarkiru.
604	W spowitych nocną mgłą ruinach opuszczonego pałacu w Toussaint drapieżna bruxa bezszelestnie poluje na nieostrożnych wędrowców. Uderzając z cienia z nieludzką, piorunującą prędkością, blada istota powala zbrojnego najemnika na marmurowy bruk dziedzińca. Jej nienaturalnie rozszerzona paszcza odsłania ostre jak igły kły, a wysysana z gardła ofiary esencja natychmiast regeneruje siły wampirzycy pod postacią szkarłatnej poświaty. W bezlitosnym bestiariuszu Kontynentu spotkanie z tą drapieżną bestią kończy się błyskawicznym i bezwzględnym triumfem czystego instynktu łowieckiego.
605	W spowitych wieczornym mrokiem ostępach Glen Elendra na planie Lorwyn królowa Oona i jej wróżki władają krainą snów i iluzji. Na gest srebrnego wrzeciona potężny leśny olbrzym zastyga w bezruchu, bezwiednie zapadając w głęboki, hipnotyczny letarg. Jego masywne, kamienne ciało ulega natychmiastowej dematerializacji, rozpadając się w powietrzu na miriady świecących błękitnych motyli i lśniącego pyłu. W krainie wiecznego półmroku nawet najtwardsza rzeczywistość okazuje się jedynie kruchą ułudą, gotową rozwiać się na zawsze pod wpływem czarów władczyni fae.
606	W prastarych, nienaruszonych ostępach lasu Fangorn dawne błogosławieństwo Yavanny wciąż chroni wiernych strażników Śródziemia. Elficcy zwiadowcy potrafią przyzwać duchowe echo Pasterzy Drzew, otaczając swoje ciała potężnym, eterycznym awatarem wiekowego Enta. Świetlisty olbrzym bez trudu przyjmuje na swoje niematerialne konary każde wrogie uderzenie, rozpraszając impet orkowego żelastwa w kaskadzie złocistych iskier i młodych pędów. Czerpiąc siłę z niewzruszonego pnia pradawnego obrońcy lasu, wojownik zyskuje niezłomną odporność i potęgę zdolną powalić każdego wroga samym ciężarem uświęconej natury.
607	Na marmurowych tarasach akademii Aretuza na wyspie Thanedd czarodziejki z Kontynentu doskonalą techniki bezwzględnej kontroli nad niebezpiecznymi stworzeniami. Wytworna adeptka magii unosi dłoń w spokojnym geście, bez trudu zamykając agresywną bestię wewnątrz lewitującej, elastycznej sfery z czystej arkanicznej energii. Wszelkie próby ucieczki uwięzionego potwora kończą się niepowodzeniem, a jego ostre szpony bezsilnie uderzają w gęstą, pulsującą powłokę stazy. Ta nieprzenikniona magiczna bariera całkowicie paraliżuje ruchy przeciwnika, dając uczonym z wyspy cenny czas na zbadanie obezwładnionego obiektu.
608	Ponad czarnymi żaglami wojennych galeonów Legionu Zmierzchu gęsty dym cienia bezustannie osłania wampirzych żołnierzy przed niszczycielskim blaskiem słońca. Rozmywając dolną połowę ciała w wirujący całun atramentowego mroku, podniebny gwardzista z formacji Skymarch bezszelestnie szybuje wprost na nadbrzeżne posterunki wroga. Błyskawiczny atak smukłego rapiera połączony z wysysaniem sił witalnych w ułamku sekundy obezwładnia każdego obrońcę, nasycając napastnika świeżą, nadnaturalną energią. Ci bezlitośni wojownicy z Torrezonu stanowią powietrzną awangardę inwazji na wybrzeża Ixalanu, nie pozostawiając rywalom żadnego bezpiecznego schronienia pod otwartym niebem.
609	W nieprzebytych, parnych dżunglach krainy Chult na Kontynencie Faerûn odnalezione zostają legendarne, zalane wodą ruiny świętego miasta Mezro. Zwinny syreni zwiadowca w pancerzu z jadeitu i brązu ostrożnie stawia pierwsze kroki na zatopionych, złotych płytach prastarego dziedzińca świątynnego. Tuż za jego plecami czujny towarzysz, osłonięty krystaliczną barierą magii maskującej, zabezpiecza drogę odwrotu z przygotowaną do strzału dmuchawką. Po stuleciach strzeżenia tajemnic boga Ubtao przed obcymi najeźdźcami, podwodni odkrywcy mogą wreszcie jako pierwsi zgłębić cuda i sekrety zapomnianej cywilizacji.
610	W tętniącej życiem metropolii Ghirapur na planie Kaladesh młode pokolenie rzemieślników od najwcześniejszych lat przesuwa granice inżynieryjnej wyobraźni. Niezwykle utalentowana konstruktorka z dumą testuje swoje najnowsze dzieło na słonecznym tarasie miejskich ogrodów. Misternie złożony z mosiężnego filigranu mechaniczny lis zrywa się do zwinnego skoku, zasilany czystą, błękitną energią eterowego rdzenia. Obecność w pełni sprawnego automatu natychmiast napełnia młodą wynalazczynię pewnością siebie, dodając jej śmiałości w rywalizacji z najbardziej doświadczonymi mistrzami Konsulatu.
611	W zalanych słońcem ogrodach Ghirapuru na planie Kaladesh elfi życiotwórcy czerpią nieustanną inspirację z doskonałości świata natury. Wytrawna inżynierka kieruje zasilane eterem pnącza ku młodym biomimetycznym konstruktom, inicjując ich gwałtowny, harmonijny rozrost. Pod wpływem życiodajnej energii drewniane pancerze i poroża stworzeń rozkwitają świeżymi pędami, nasycając całe stado dodatkową siłą i witalnością. Łącząc zaawansowaną technologię z mądrością przyrody, rzemieślnicy dowodzą, że najdoskonalsze rozwiązania inżynieryjne zostały dawno stworzone przez samą naturę.
612	Na spowitych nocnym mrokiem wzgórzach Eriadoru podróżujący przez dzicz hobbici często muszą polegać na sprycie i serdecznej gościnności. Odważny wędrowiec bez wahania wyciąga przed siebie bochenek świeżego, złocistego chleba podróżnego, oferując go wygłodniałemu drapieżnikowi czającemu się na granicy obozowiska. Ten niespodziewany dar natychmiast powstrzymuje agresję bestii, a wokół małego obrońcy rozbłyskuje świetlista aura niezłomnej odwagi i absolutnej niewrażliwości na ciosy. W realiach Śródziemia szczera wielkoduszność i szacunek dla prostego posiłku wielokrotnie okazywały się potężniejszą tarczą niż najtwardsza stal.
613	W najgłębszych, zatopionych kryptach Płaszcza Zmierzchu na planie Ravnica wampirzy jasnowidze Domu Dimir strzegą najmroczniejszych tajemnic tego świata. Unoszący się w powietrzu mistrz telepatii rozpościera sieć psionicznych włókien, z bezwzględną precyzją sondując umysły wszystkich obecnych w archiwum. Każde gwałtowne wydarcie ukrytej wiedzy z pamięci ofiar wywołuje paraliżujący ból, natychmiast przekuwając skradzione wspomnienia w nową, arkaniczną potęgę. W labiryncie intryg rządzonym przez Lazava prawda jest towarem najwyższej próby, za który każdy nieostrożny śmiertelnik płaci własnymi siłami witalnymi.
614	W niedostępnych, smaganych lodowatym wichrem Górach Smoczych drakonidy toczą bezwzględną walkę o dominację nad terytorium łowieckim. Potężny, pokryty bojowymi bliznami oślizg bezlitośnie atakuje młodszego rywala, powalając go na skalną grań jednym druzgocącym uderzeniem ciężkiej łapy. Każde zwycięskie starcie z innym drapieżnikiem umacnia pozycję silniejszej bestii, wyzwalając w jej ciele falę pierwotnej, niepowstrzymanej siły. W surowym ekosystemie wiedźmińskiego świata prawo natury nie zna litości, a każde okazanie słabości staje się natychmiastowym wyrokiem w bezwzględnym łańcuchu pokarmowym.
615	W zalanych słońcem arenach Naktamun na planie Amonkhet adepci ze Zastępu Tah doskonalą techniki walki przed wyruszeniem na Próby Bogów. Zwinny wojownik z rasy naga z niezwykłą gracją manewruje muskularnym splotem wężowego ciała na wąskiej kamiennej belce, zachowując nienaganną równowagę ponad nurtem rzeki Luxa. Błyskawiczny ruch podwójnych brązowych ostrzy przecina gorące powietrze, demonstrując taktyczną precyzję i szybkość wymaganą przez bóstwo mądrości Kefneta. Związani wspólną przysięgą i rygorystycznym treningiem, towarzysze z tego samego zastępu są gotowi ramię w ramię walczyć o najwyższą nagrodę w zaświatach.
616	Na spalonym słońcem pograniczu stepów i bagien na planie Tarkir szamani klanu Mardu odpowiadają na podstępy wroga bezlitosną magią szału. Pieśniarka gniewu Taklai wznosi dłonie ku niebu, wysyłając płomienne wstęgi przymusu wprost w szeregi nacierającej piechoty klanu Sultai. Pod wpływem parzącego zaklęcia wrogi wojownik z gorejącymi ślepiami gwałtownie odwraca się na pięcie, obracając swój ciężki oręż przeciwko zdezorientowanym towarzyszom z oddziału. Zanim sułtańscy dowódcy zdołają pojąć nagłą zdradę w swoich szeregach, opętany żołnierz uderza z furią, dowodząc, że koczownicy potrafią odebrać wrogom kontrolę nad ich własnymi wojownikami.
617	W zdradliwych, wiecznie zamglonych moczarach Gurmag na planie Tarkir pozorna łaska władców okazuje się najokrutniejszą z pułapek. Wypuszczony z niewoli wojownik klanu Mardu z ulgą przedziera się przez grząskie rozlewiska, nieświadomy podstępu czającego się w wilgotnych oparach. Z mętnej wody nagle unoszą się smoliste wstęgi duszącego mroku, które bezlitośnie krępują uciekiniera i wysysają z niego resztki energii witalnej. W odległym pałacu chan Tasigur z ironicznym uśmiechem przyjmuje skradzioną esencję życia, powiększając nekromantyczną potęgę swojego bezwzględnego klanu.
	
	
	
	
	